{
	"releaseDate" : "2018-06-10_12-27",
	"previousReleaseDate" : "2018-03-11_12-00",
	"previousReleaseLink" : "https://raw.githubusercontent.com/DSATool/DSATool/master/release/DSATool_2018-03-11_12-00.zip",
	"updateInfo" : "https://raw.githubusercontent.com/DSATool/DSATool/master/release/update-info.json",
	"signatureProviderName" : "SunEC",
	"signatureKeyAlgorithm" : "EC",
	"signatureAlgorithm" : "SHA512withECDSA",
	"signatureKey" : "MFkwEwYHKoZIzj0CAQYIKoZIzj0DAQcDQgAEv/bhNL3TE4lXx8MBz+Oi4sGYoRlf0MVz0E1RjIfbCUIyDa8hgewACgWUKcBj363cZQfbLE3aUFqW2HmELS7HrA=="
}