{
	"Aberglaube" : { "Bücher" : { "Wege der Helden" : 260 }, "Schlechte Eigenschaft" : true, "Abgestuft" : true, "Stufe:Minimum" : 5, "Stufe:Maximum" : 12, "Freitext" : "Beschreibung", "Kosten" : 1, "Beschreibung:Kurz" : "Glaubt, dass best. Dinge Glück oder Pech bringen, Furcht vor Pechauslösern" },
	"Albino" : { "Bücher" : { "Wege der Helden" : 260 }, "Kosten" : 7, "Beschreibung:Kurz" : "1SP/h im Sonnenlicht, SO>7: 1SO/2GP, Einschüchtern-3, CH für pass. Zauber -1 (Horriphobus) o. +1 (Bannbaladin)" },
	"Angst vor" : { "Bücher" : { "Wege der Helden" : 260 }, "Schlechte Eigenschaft" : true, "Abgestuft" : true, "Stufe:Minimum" : 5, "Stufe:Maximum" : 12, "Freitext" : "Beschreibung", "Kosten" : 1, "Beschreibung:Kurz" : "Reagiert auf Auslöser mit übertriebener Angst o. Panik" },
	"Angst vor (häufiger Auslöser)" : { "Bücher" : { "Wege der Helden" : 260 }, "Schlechte Eigenschaft" : true, "Abgestuft" : true, "Stufe:Minimum" : 5, "Stufe:Maximum" : 12, "Freitext" : "Beschreibung", "Kosten" : 1.5, "Beschreibung:Kurz" : "Reagiert auf häufigen Auslöser mit übertriebener Angst oder Panik" },
	"Animalische Magie" : { "Bücher" : { "Wege der Helden" : 260 }, "Abgestuft" : true, "Kosten" : 1, "Stufe:Maximum" : 5, "Voraussetzungen" : { "Vorteile/Nachteile/Sonderfertigkeiten" : { "Wahl" : [{ "Halbzauberer" : {}, "Vollzauberer" : {} }] } }, "Beschreibung:Kurz" : "Zauber/Ritualkenntnis mit KL +Wert (2xKL: +2xWert, +1 Spalte)" },
	"Arkanophobie" : { "Bücher" : { "Wege der Helden" : 260 }, "Schlechte Eigenschaft" : true, "Abgestuft" : true, "Stufe:Minimum" : 5, "Stufe:Maximum" : 12, "Kosten" : 1.5, "Voraussetzungen" : { "Rassen" : { "Nicht" : { "Auelfen" : {}, "Firnelfen" : {}, "Waldelfen" : {} } }, "Vorteile/Nachteile/Sonderfertigkeiten" : { "Nicht" : { "Vollzauberer" : {}, "Halbzauberer" : {}, "Vorurteile" : { "Freitext" : { "Wahl" : ["Zauberer", "Magie"] } } } } }, "Beschreibung:Kurz" : "Angst vorm Verzaubertwerden, Mistrauen gg. Zauberer, MR-Wert wenn wissentlich verzaubert" },
	"Arroganz" : { "Bücher" : { "Wege der Helden" : 260 }, "Schlechte Eigenschaft" : true, "Abgestuft" : true, "Stufe:Minimum" : 5, "Stufe:Maximum" : 12, "Kosten" : 1, "Beschreibung:Kurz" : "Benimmt sich hochnäsig, traut anderen nichts zu, überschätzt eigene Fähigkeiten" },
	"Artefaktgebunden" : { "Bücher" : { "Wege der Helden" : 260 }, "Kosten" : 7, "speziell" : true, "Voraussetzungen" : { "Vorteile/Nachteile/Sonderfertigkeiten" : { "Wahl" : [{ "Halbzauberer" : {}, "Vollzauberer" : {} }] } }, "Beschreibung:Kurz" : "Zauber ohne das Artefakt: Veränderte Technik, Artefakt zerstört: -3pAsP, höchste geist. Eig. permanent -1" },
	"Astraler Block" : { "Bücher" : { "Wege der Helden" : 260 }, "Kosten" : 10, "Voraussetzungen" : { "Vorteile/Nachteile/Sonderfertigkeiten" : { "Wahl" : [{ "Viertelzauberer" : {}, "Viertelzauberer (unentdeckt)" : {}, "Halbzauberer" : {}, "Vollzauberer" : {} }], "Nicht" : { "Astrale Regeneration I" : {}, "Astrale Regeneration II" : {}, "Astrale Regeneration III" : {} } } }, "Kosten:Voraussetzungen" : [{ "Vorteile/Nachteile/Sonderfertigkeiten" : { "Wahl" : [{ "Viertelzauberer" : {}, "Viertelzauberer (unentdeckt)" : {} }] }, "Multiplikativ" : 0.5 }], "Beschreibung:Kurz" : "AsP-Regeneration -1, IN+1 zur AsP-Regeneration, IN+1 in RK-Probe bei Großer Meditation" },
	"Autoritätsgläubig" : { "Bücher" : { "Wege der Helden" : 261 }, "Schlechte Eigenschaft" : true, "Abgestuft" : true, "Stufe:Minimum" : 5, "Stufe:Maximum" : 12, "Kosten" : 0.5, "Beschreibung:Kurz" : "Zweifelt Entscheidungen von Autoritäten nicht an, auch gg. eigene Erfahrung/Menschenverstand" },
	"Behäbig" : { "Bücher" : { "Wege der Helden" : 261 }, "Kosten" : 5, "Voraussetzungen" : { "Vorteile/Nachteile/Sonderfertigkeiten" : { "Nicht" : { "Flink" : {} } } }, "Effekte" : { "Basiswerte" : { "Geschwindigkeit" : -1 } }, "Beschreibung:Kurz" : "-1 GS, Ausweichen+1, GE+KK-1 bei Sprüngen" },
	"Blutdurst" : { "Bücher" : { "Wege der Helden" : 261 }, "Schlechte Eigenschaft" : true, "Abgestuft" : true, "Stufe:Minimum" : 5, "Stufe:Maximum" : 12, "Kosten" : 0.5, "Beschreibung:Kurz" : "Empfindet Vergnügen, andere zu Quälen und zu Töten" },
	"Blutrausch" : { "Bücher" : { "Wege der Helden" : 261 }, "Kosten" : 15, "Voraussetzungen" : { "Vorteile/Nachteile/Sonderfertigkeiten" : { "Nicht" : { "Kampfrausch" : {} } } }, "Beschreibung:Kurz" : "Jähzorn/MU-hebende Drogen/missl. Selbstb. bei Wunde: MU/AT/TP+5, Talente/Zauber+7, Kampfmanöver unmögl., -2AuP/AT, Meister notiert SP" },
	"Brünstigkeit" : { "Bücher" : { "Wege der Helden" : 261 }, "Schlechte Eigenschaft" : true, "Abgestuft" : true, "Stufe:Minimum" : 5, "Stufe:Maximum" : 12, "Kosten" : 0.5, "Beschreibung:Kurz" : "Gesteigertes sex. Verlangen, vernachlässigt Umgebung, leichter zu Betören" },
	"Dunkelangst" : { "Bücher" : { "Wege der Helden" : 261 }, "Schlechte Eigenschaft" : true, "Abgestuft" : true, "Stufe:Minimum" : 5, "Stufe:Maximum" : 12, "Kosten" : 2, "Beschreibung:Kurz" : "Angst vor Dunkelheit" },
	"Einarmig" : { "Bücher" : { "Wege der Helden" : 261 }, "Kosten" : 15, "Voraussetzungen" : { "Vorteile/Nachteile/Sonderfertigkeiten" : { "Nicht" : { "Einhändig" : {} } } }, "Beschreibung:Kurz" : "Eigenschaften+5, Talente+7 wenn 2 Hände nötig, Bogenschießen/2-Hand-Waffen/etc. nicht mögl., Balancehalten bis +3" },
	"Gelähmter Arm" : { "Bücher" : { "Wege der Helden" : 261 }, "Kosten" : 7, "Voraussetzungen" : { "Vorteile/Nachteile/Sonderfertigkeiten" : { "Nicht" : { "Einhändig" : {} } } }, "Beschreibung:Kurz" : "Eigenschaften+2, Talente+5 wenn 2 Hände nötig" },
	"Einäugig" : { "Bücher" : { "Wege der Helden" : 261 }, "Kosten" : 5, "Beschreibung:Kurz" : "FK+4 <10 Schritt, Kontrollbereich halbiert, Zauber+4 wenn Zielen notwendig" },
	"Einbeinig" : { "Bücher" : { "Wege der Helden" : 261 }, "Kosten" : 25, "Voraussetzungen" : { "Vorteile/Nachteile/Sonderfertigkeiten" : { "Nicht" : { "Lahm" : {} } } }, "Effekte" : { "Eigenschaften" : { "GE" : -5 }, "Basiswerte" : { "Geschwindigkeit" : -3 } }, "Beschreibung:Kurz" : "-5 GE, -3 GS" },
	"Einbildungen" : { "Bücher" : { "Wege der Helden" : 262 }, "Freitext" : "Beschreibung", "Kosten" : 5, "Voraussetzungen" : { "Vorteile/Nachteile/Sonderfertigkeiten" : { "Nicht" : { "Wahnvorstellungen" : {} } } }, "Beschreibung:Kurz" : "Nimmt nichtexistente Dinge wahr (Verfolger, Anschuldigungen)" },
	"Eingeschränkte Elementarnähe" : { "Bücher" : { "Wege der Helden" : 262 }, "Kosten" : 3, "Freitext" : "Elemente", "speziell" : true, "Voraussetzungen" : { "Vorteile/Nachteile/Sonderfertigkeiten" : { "Muss" : { "Halbzauberer" : {} } } }, "Beschreibung:Kurz" : "Kann keine Wesen/Manifestationen anderer Elemente rufen" },
	"Schwerhörig" : { "Bücher" : { "Wege der Helden" : 262 }, "Kosten" : 5, "Beschreibung:Kurz" : "Sinnenschärfe (Hören)+5, Fremdsprachen schwieriger" },
	"Kurzsichtig" : { "Bücher" : { "Wege der Helden" : 262 }, "Kosten" : 5, "Beschreibung:Kurz" : "Sinnenschärfe (Sehen)+5, Fernkampfmali >100 Schritt, Zauber +1/Entfernung (1/3/7/21/49 Schritt/Horizont)" },
	"Eingeschränkter Tastsinn" : { "Bücher" : { "Wege der Helden" : 262 }, "Kosten" : 5, "Beschreibung:Kurz" : "Sinnenschärfe (Tasten)+5, evtl. Talente mit FF (Feinmechanik/Schlösser Knacken/HKW) bis +3" },
	"Eingeschränkter Geruchssinn" : { "Bücher" : { "Wege der Helden" : 262 }, "Kosten" : 5, "Beschreibung:Kurz" : "Sinnenschärfe (Riechen/Schmecken)/Kochen+5, Gefahr von Flinkem Difar/Vergiftung durch verdorbene Lebensmittel" },
	"Einhändig" : { "Bücher" : { "Wege der Helden" : 262 }, "Kosten" : 10, "Voraussetzungen" : { "Vorteile/Nachteile/Sonderfertigkeiten" : { "Nicht" : { "Einarmig" : {}, "Gelähmter Arm" : {} } } }, "Beschreibung:Kurz" : "Eigenschafen+3, Talente+5 wenn 2 Hände nötig, Bogenschießen/2-Hand-Waffen/etc. nur mit Prothese" },
	"Eitelkeit" : { "Bücher" : { "Wege der Helden" : 262 }, "Schlechte Eigenschaft" : true, "Abgestuft" : true, "Stufe:Minimum" : 5, "Stufe:Maximum" : 12, "Kosten" : 1, "Beschreibung:Kurz" : "Versucht immer, gut auszusehen, leichter manipulierbar, viel Zeit für Körperpflege" },
	"Elfische Weltsicht" : { "Bücher" : { "Wege der Helden" : 262 }, "Kosten" : 30, "Beschreibung:Kurz" : "Zauber/Talente +1 Spalte, außer Leittalente o. Verbr. >Elf5, SFs +50% wenn nicht Leit-SF, nicht im Salasandra" },
	"Farbenblind" : { "Bücher" : { "Wege der Helden" : 263 }, "Kosten" : 5, "Beschreibung:Kurz" : "FK+4 >50 Schritt (außer wenn Sicht bereits behindert), Zauber+4 wenn Zielen nötig" },
	"Feind" : { "Bücher" : { "Wege der Helden" : 263 }, "Abgestuft" : true, "Freitext" : "Person", "Kosten" : 0.5, "Stufe:Maximum" : 21, "Beschreibung:Kurz" : "Feind will Ruf und Leib/Leben schädigen, u.U. Schläger/Meuchler/etc." },
	"Feste Gewohnheit" : { "Bücher" : { "Wege der Helden" : 263 }, "Freitext" : "Beschreibung", "Kosten" : 10, "Voraussetzungen" : { "Vorteile/Nachteile/Sonderfertigkeiten" : { "Wahl" : [{ "Vollzauberer" : {}, "Halbzauberer" : {} }] }, "Professionen" : { "Nicht" : { "Tänzer" : {}, "Zibilja" : {} } } }, "Beschreibung:Kurz" : "Zauber/Ritual: Muss best. Handlung durchführen, sonst SpoMo Veränderte zentrale Komponente" },
	"Festgefügtes Denken" : { "Bücher" : { "Wege der Helden" : 263 }, "Abgestuft" : true, "Kosten" : 1, "Stufe:Maximum" : 5, "Voraussetzungen" : { "Vorteile/Nachteile/Sonderfertigkeiten" : { "Wahl" : [{ "Vollzauberer" : {}, "Halbzauberer" : {} }] }, "Professionen" : { "Nicht" : { "Tänzer" : {}, "Zibilja" : {} } } }, "Beschreibung:Kurz" : "Zauber/Ritualkenntnis mit IN +Wert (2xIN: +2xWert, +1 Spalte)" },
	"Fettleibig" : { "Bücher" : { "Wege der Helden" : 263 }, "Kosten" : 15, "Beschreibung:Kurz" : "-50% AuP, FF/GE Maximum-4, KK+2 wenn Eigengewicht beteiligt, Gewicht min. +50%, evtl. Mali auf Ges. Talente" },
	"Fluch der Finsternis I" : { "Bücher" : { "Wege der Helden" : 263 }, "Kosten" : 2, "Voraussetzungen" : { "Vorteile/Nachteile/Sonderfertigkeiten" : { "Wahl" : [{ "Viertelzauberer" : {}, "Viertelzauberer (unentdeckt)" : {}, "Halbzauberer" : {}, "Vollzauberer" : {} }] } }, "Beschreibung:Kurz" : "Zauber/Rituale+1 bei Tag (o. anderer gewählter Umgebungseinfuss)" },
	"Fluch der Finsternis II" : { "Bücher" : { "Wege der Helden" : 263 }, "Kosten" : 4, "Voraussetzungen" : { "Vorteile/Nachteile/Sonderfertigkeiten" : { "Wahl" : [{ "Viertelzauberer" : {}, "Viertelzauberer (unentdeckt)" : {}, "Halbzauberer" : {}, "Vollzauberer" : {} }] } }, "Beschreibung:Kurz" : "Zauber/Rituale+2 bei Tag (o. anderer gewählter Umgebungseinfuss)" },
	"Fluch der Finsternis III" : { "Bücher" : { "Wege der Helden" : 263 }, "Kosten" : 6, "Voraussetzungen" : { "Vorteile/Nachteile/Sonderfertigkeiten" : { "Wahl" : [{ "Viertelzauberer" : {}, "Viertelzauberer (unentdeckt)" : {}, "Halbzauberer" : {}, "Vollzauberer" : {} }] } }, "Beschreibung:Kurz" : "Zauber/Rituale+3 bei Tag (o. anderer gewählter Umgebungseinfuss)" },
	"Geiz" : { "Bücher" : { "Wege der Helden" : 264 }, "Schlechte Eigenschaft" : true, "Abgestuft" : true, "Stufe:Minimum" : 5, "Stufe:Maximum" : 12, "Kosten" : 0.5, "Voraussetzungen" : { "Vorteile/Nachteile/Sonderfertigkeiten" : { "Nicht" : { "Verschwendungssucht" : {} } } }, "Beschreibung:Kurz" : "Knausert, billige Kleidung/Gasthäuser/etc., ärgert sich über 'Verschwendung'" },
	"Gerechtigkeitswahn" : { "Bücher" : { "Wege der Helden" : 264 }, "Schlechte Eigenschaft" : true, "Abgestuft" : true, "Stufe:Minimum" : 5, "Stufe:Maximum" : 12, "Kosten" : 0.5, "Beschreibung:Kurz" : "Fordert harte Strafe für kleinste Vergehen, will selbst Richter/Henker/Gesetzgeber sein" },
	"Gesucht I" : { "Bücher" : { "Wege der Helden" : 264 }, "Freitext" : "Region", "Kosten" : 5, "Beschreibung:Kurz" : "Muss bei Gefasstwerden mit langjähriger Haft rechnen, evtl. Kopfgeldjäger" },
	"Gesucht II" : { "Bücher" : { "Wege der Helden" : 264 }, "Freitext" : "Region", "Kosten" : 10, "Beschreibung:Kurz" : "Hohes Kopfgeld, Erkennungsgefahr, bei Gefasstwerder lange Haft oder Verstümmelung, auch in Umgebung Gesucht" },
	"Gesucht III" : { "Bücher" : { "Wege der Helden" : 264 }, "Kosten" : 15, "Beschreibung:Kurz" : "In allen zivilisierten Landen steckbrieflich gesucht, hohes Kopfgeld, ständig verfolgt, muss um Leben fürchten" },
	"Glasknochen" : { "Bücher" : { "Wege der Helden" : 264 }, "Kosten" : 7, "Voraussetzungen" : { "Vorteile/Nachteile/Sonderfertigkeiten" : { "Nicht" : { "Eisern" : {} } } }, "Effekte" : { "Basiswerte" : { "Wundschwelle" : -2 } }, "Beschreibung:Kurz" : "Alle Wundschwellen je 2 Punkte gesenkt" },
	"Goldgier" : { "Bücher" : { "Wege der Helden" : 264 }, "Schlechte Eigenschaft" : true, "Abgestuft" : true, "Stufe:Minimum" : 5, "Stufe:Maximum" : 12, "Kosten" : 1, "Beschreibung:Kurz" : "Handelt unvernüftig, um an Reichtum u. wertvolle Gegenstände zu gelangen" },
	"Größenwahn" : { "Bücher" : { "Wege der Helden" : 264 }, "Schlechte Eigenschaft" : true, "Abgestuft" : true, "Stufe:Minimum" : 5, "Stufe:Maximum" : 12, "Kosten" : 0.5, "Beschreibung:Kurz" : "Megalomagischische Forschung, Erlangung großer Macht, etc. als Ziel" },
	"Heimwehkrank" : { "Bücher" : { "Wege der Helden" : 264 }, "Kosten" : 10, "speziell" : true, "Voraussetzungen" : { "Rassen" : { "Wahl" : { "Auelfen" : {}, "Firnelfen" : {}, "Waldelfen" : {} } } }, "Beschreibung:Kurz" : "Außerhalb der Heimat Krankheitsanfällig (o. nicht resistent gg. Krankheiten), AsP-Regeneration -1" },
	"Hitzeempfindlichkeit" : { "Bücher" : { "Wege der Helden" : 264 }, "Kosten" : 7, "Beschreibung:Kurz" : "Ab 25°C bekleidet, ab 30° nackt: Talente/Zauber+3, Regeneration -1, doppelte Erschöpfung und jeder AuP-Verlust +1" },
	"Höhenangst" : { "Bücher" : { "Wege der Helden" : 264 }, "Schlechte Eigenschaft" : true, "Abgestuft" : true, "Stufe:Minimum" : 5, "Stufe:Maximum" : 12, "Kosten" : 1.5, "Beschreibung:Kurz" : "Reagiert panisch auf Situationen, in denen Absturz mögl." },
	"Impulsiv" : { "Bücher" : { "Wege der Helden" : 265 }, "Kosten" : 5, "Beschreibung:Kurz" : "KL/IN+5 um nicht vorschnell zu handeln, Manöver auf Finte/Meisterparade +2" },
	"Jähzorn" : { "Bücher" : { "Wege der Helden" : 265 }, "Schlechte Eigenschaft" : true, "Abgestuft" : true, "Stufe:Minimum" : 5, "Stufe:Maximum" : 12, "Kosten" : 1.5, "Beschreibung:Kurz" : "Überreagiert, bei Beleidigung/Unterlegenheit/Missgeschicken, Manöver auf Finte/Meisterparade +2 wenn provoziert" },
	"Kälteempfindlichkeit" : { "Bücher" : { "Wege der Helden" : 265 }, "Kosten" : 7, "Beschreibung:Kurz" : "Unter 10°C dicke Kleidung nötig, unter 0° Talente/Zauber+3, Regeneration -1, alle kTP +2" },
	"Kältestarre" : { "Bücher" : { "Wege der Helden" : 265 }, "Kosten" : 10, "speziell" : true, "Voraussetzungen" : { "Rassen" : { "Muss" : { "Achaz" : {} } } }, "Beschreibung:Kurz" : "Unter 10°C FF/GE/KK +2 bis +5, unter 0°C handlungsunfähig in Kälteschlaf" },
	"Kein Vertrauter" : { "Bücher" : { "Wege der Helden" : 265 }, "Kosten" : 3, "speziell" : true, "Voraussetzungen" : { "Professionen" : { "Muss" : { "Hexe" : {} } } }, "Beschreibung:Kurz" : "Kann nie Vertrautentier finden, Ges. Talente bis +3 bei Hexen" },
	"Kleinwüchsig" : { "Bücher" : { "Wege der Helden" : 265 }, "Kosten" : 5, "Effekte" : { "Basiswerte" : { "Geschwindigkeit" : -1 } }, "Beschreibung:Kurz" : "-1 GS, Waffen >1.5m: AT/PA/TP -2 (außer Speere), nur niedrigste DK, unangepasste Rüstung: BE+1, Gegenhalten-1, Gezielter Schlag: Kopf+1, Bein-1" },
	"Körpergebundene Kraft" : { "Bücher" : { "Wege der Helden" : 265 }, "Kosten" : 7, "Voraussetzungen" : { "Vorteile/Nachteile/Sonderfertigkeiten" : { "Wahl" : [{ "Viertelzauberer" : {}, "Viertelzauberer (unentdeckt)" : {}, "Halbzauberer" : {}, "Vollzauberer" : {} }], "Nicht" : { "Zauberhaar" : {} } } }, "Beschreibung:Kurz" : "Haar (+Bart) <50cm: AsP-20%, Pectetondo+7, bei Herrschaftsritualen -7" },
	"Krankhafte Reinlichkeit" : { "Bücher" : { "Wege der Helden" : 265 }, "Schlechte Eigenschaft" : true, "Abgestuft" : true, "Stufe:Minimum" : 5, "Stufe:Maximum" : 12, "Kosten" : 1, "Beschreibung:Kurz" : "Fühlt sich bei Schmutz extrem unwohl, nur auf Reinigung konzentriert" },
	"Krankheitsanfällig" : { "Bücher" : { "Wege der Helden" : 265 }, "Kosten" : 7, "Voraussetzungen" : { "Vorteile/Nachteile/Sonderfertigkeiten" : { "Nicht" : { "Resistenz gegen Krankheiten" : {}, "Immunität gegen Krankheiten" : {} } } }, "Beschreibung:Kurz" : "KO+5 bei Immunitätsproben u. Schadensreduktion bei Krankheiten" },
	"Kristallgebunden" : { "Bücher" : { "Wege der Helden" : 265 }, "Kosten" : 10, "speziell" : true, "Voraussetzungen" : { "Professionen" : { "Muss" : { "Kristallomant" : {} } } }, "Beschreibung:Kurz" : "Zauber benötigen Edelsteine: +1/3/10 Akt./Stein (Hand/präp. Schuppenbeutel/Beutel), SpoMos/Varianten 2xErschwernis wenn ohne entspr. Stein, zentral" },
	"Kurzatmig" : { "Bücher" : { "Wege der Helden" : 265 }, "Abgestuft" : true, "Kosten" : 1, "Stufe:Maximum" : 3, "Effekte" : { "Basiswerte" : { "Ausdauer" : -2 } }, "Beschreibung:Kurz" : "-2 AuP pro Stufe, Erschöpfungsschwelle -Stufe/2" },
	"Lahm" : { "Bücher" : { "Wege der Helden" : 266 }, "Kosten" : 15, "Voraussetzungen" : { "Vorteile/Nachteile/Sonderfertigkeiten" : { "Nicht" : { "Einbeinig" : {} } } }, "Effekte" : { "Eigenschaften" : { "GE" : -2 }, "Basiswerte" : { "Geschwindigkeit" : -1 } }, "Beschreibung:Kurz" : "-2 GE, -1 GS, körp. Talente mit Beinarbeit +3" },
	"Lästige Mindergeister" : { "Bücher" : { "Wege der Helden" : 266 }, "Kosten" : 3, "Voraussetzungen" : { "Vorteile/Nachteile/Sonderfertigkeiten" : { "Wahl" : [{ "Viertelzauberer" : {}, "Viertelzauberer (unentdeckt)" : {}, "Halbzauberer" : {}, "Vollzauberer" : {} }] } }, "Beschreibung:Kurz" : "Zieht Mindergeister an (Proben+1), v.a. bei Zauber/Ritual >10 AsP u. Zauberpatzer für W6+3 Tage" },
	"Lichtempfindlich" : { "Bücher" : { "Wege der Helden" : 266 }, "Kosten" : 15, "Beschreibung:Kurz" : "Eigenschaften+2, Talente+5 im Sonnenlicht, Vorurteilen ausgesetzt" },
	"Lichtscheu" : { "Bücher" : { "Wege der Helden" : 266 }, "Kosten" : 10, "Beschreibung:Kurz" : "Eigenschaften+1, Talente+3 im direkten Sonnenlicht" },
	"Loyalität" : { "Bücher" : { "Wege der Helden" : 266 }, "Abgestuft" : true, "Freitext" : "Person/Gruppe", "Kosten" : 1, "Stufe:Minimum" : 3, "Stufe:Maximum" : 12, "Beschreibung:Kurz" : "Verhält sich entspr. Gruppe loyal, sonst Einschränkungen wie Schlechte Eigenschaft" },
	"Madas Fluch I" : { "Bücher" : { "Wege der Helden" : 266 }, "Kosten" : 1, "Voraussetzungen" : { "Vorteile/Nachteile/Sonderfertigkeiten" : { "Wahl" : [{ "Halbzauberer" : {}, "Vollzauberer" : {} }] } }, "Kosten:Voraussetzungen" : [{ "Kulturen" : { "Nicht" : { "Nivesenstämme" : {}, "Nuanaä-Lie" : {} } }, "Multiplikativ" : 3 }], "Beschreibung:Kurz" : "Zauber/Rituale+1 an 3 Tagen vor/nach Vollmond sowie am Tag des Vollmonds (auch tagsüber)" },
	"Madas Fluch II" : { "Bücher" : { "Wege der Helden" : 266 }, "Kosten" : 2, "Voraussetzungen" : { "Vorteile/Nachteile/Sonderfertigkeiten" : { "Wahl" : [{ "Halbzauberer" : {}, "Vollzauberer" : {} }] } }, "Kosten:Voraussetzungen" : [{ "Kulturen" : { "Nicht" : { "Nivesenstämme" : {}, "Nuanaä-Lie" : {} } }, "Multiplikativ" : 3 }], "Beschreibung:Kurz" : "Zauber/Rituale+2 an 3 Tagen vor/nach Vollmond sowie am Tag des Vollmonds (auch tagsüber)" },
	"Madas Fluch III" : { "Bücher" : { "Wege der Helden" : 266 }, "Kosten" : 3, "Voraussetzungen" : { "Vorteile/Nachteile/Sonderfertigkeiten" : { "Wahl" : [{ "Halbzauberer" : {}, "Vollzauberer" : {} }] } }, "Kosten:Voraussetzungen" : [{ "Kulturen" : { "Nicht" : { "Nivesenstämme" : {}, "Nuanaä-Lie" : {} } }, "Multiplikativ" : 3 }], "Beschreibung:Kurz" : "Zauber/Rituale+3 an 3 Tagen vor/nach Vollmond sowie am Tag des Vollmonds (auch tagsüber)" },
	"Medium" : { "Bücher" : { "Wege der Helden" : 266 }, "Kosten" : 7, "Beschreibung:Kurz" : "MR-5 gg. Einfluss/Herrschaft/Hellsicht/Verständigung von Geistern, Proben bis +7 an Orten mit bewusster Geisterpräsenz" },
	"Meeresangst" : { "Bücher" : { "Wege der Helden" : 266 }, "Schlechte Eigenschaft" : true, "Abgestuft" : true, "Stufe:Minimum" : 5, "Stufe:Maximum" : 12, "Kosten" : 1, "Beschreibung:Kurz" : "Hat Angst mit/ohne Boot/Schiff Ozeane u. große Seen zu betreten, steigt mit Entfernung vom Ufer" },
	"Miserabler Mut" : { "Bücher" : { "Wege der Helden" : 266 }, "Kosten" : 10, "Beschreibung:Kurz" : "MU zu doppelten Kosten steigern, Generierung: MU auf Minimum-1 zu Kosten von Minimum" },
	"Miserable Klugheit" : { "Bücher" : { "Wege der Helden" : 266 }, "Kosten" : 10, "Beschreibung:Kurz" : "KL zu doppelten Kosten steigern, Generierung: KL auf Minimum-1 zu Kosten von Minimum" },
	"Miserable Intuition" : { "Bücher" : { "Wege der Helden" : 266 }, "Kosten" : 10, "Beschreibung:Kurz" : "IN zu doppelten Kosten steigern, Generierung: IN auf Minimum-1 zu Kosten von Minimum" },
	"Miserables Charisma" : { "Bücher" : { "Wege der Helden" : 266 }, "Kosten" : 10, "Beschreibung:Kurz" : "CH zu doppelten Kosten steigern, Generierung: CH auf Minimum-1 zu Kosten von Minimum" },
	"Miserable Fingerfertigkeit" : { "Bücher" : { "Wege der Helden" : 266 }, "Kosten" : 10, "Beschreibung:Kurz" : "FF zu doppelten Kosten steigern, Generierung: FF auf Minimum-1 zu Kosten von Minimum" },
	"Miserable Gewandtheit" : { "Bücher" : { "Wege der Helden" : 266 }, "Kosten" : 10, "Beschreibung:Kurz" : "GE zu doppelten Kosten steigern, Generierung: GE auf Minimum-1 zu Kosten von Minimum" },
	"Miserable Konstitution" : { "Bücher" : { "Wege der Helden" : 266 }, "Kosten" : 10, "Beschreibung:Kurz" : "KO zu doppelten Kosten steigern, Generierung: KO auf Minimum-1 zu Kosten von Minimum" },
	"Miserable Körperkraft" : { "Bücher" : { "Wege der Helden" : 266 }, "Kosten" : 10, "Beschreibung:Kurz" : "KK zu doppelten Kosten steigern, Generierung: KK auf Minimum-1 zu Kosten von Minimum" },
	"Mondsüchtig" : { "Bücher" : { "Wege der Helden" : 266 }, "Kosten" : 5, "Beschreibung:Kurz" : "1/2/3/4 Verzückung/h im Mondlicht (abnehmend/Woche nach Neumond/Folgewoche/Vollmondnacht) wie Entrückung, Abbau KL/2 pro h (nicht im Mondlicht)" },
	"Moralkodex" : { "Bücher" : { "Wege der Helden" : 266 }, "Auswahl" : "Kirche", "Abgestuft" : true, "Kosten" : 1, "Stufe:Minimum" : 3, "Stufe:Maximum" : 12, "Beschreibung:Kurz" : "Glauben beim Volk festigen, predigen, Frevel verhindern, Bekämpfung von Dämonen, Prinzipien einhalten" },
	"Nachtblind" : { "Bücher" : { "Wege der Helden" : 267 }, "Kosten" : 10, "Voraussetzungen" : { "Vorteile/Nachteile/Sonderfertigkeiten" : { "Nicht" : { "Dämmerungssicht" : {}, "Nachtsicht" : {} } } }, "Beschreibung:Kurz" : "Doppelte Mali aus Dunkelheit (max. AT/PA+8, FK -4 Größenklassen, Talente-16)" },
	"Nahrungsrestriktion" : { "Bücher" : { "Wege der Helden" : 267 }, "Freitext" : "Beschreibung", "Kosten" : 5, "Beschreibung:Kurz" : "Nur bestimmte Nahrungsmittel, sonst LeP- & AuP-Regeneration -2, >3 Tage: KO-1/Tag bis KO/2, keine Regeneration" },
	"Neid" : { "Bücher" : { "Wege der Helden" : 267 }, "Schlechte Eigenschaft" : true, "Abgestuft" : true, "Stufe:Minimum" : 5, "Stufe:Maximum" : 12, "Kosten" : 0.5, "Beschreibung:Kurz" : "Missgönnt anderen Besitz und Erfolge, hintertreibt Bemühungen anderer" },
	"Neugier" : { "Bücher" : { "Wege der Helden" : 267 }, "Schlechte Eigenschaft" : true, "Abgestuft" : true, "Stufe:Minimum" : 5, "Stufe:Maximum" : 12, "Kosten" : 1, "Beschreibung:Kurz" : "Ignoriert Risiken, wenn etwas Interessantes untersucht werden kann" },
	"Niedrige Astralkraft" : { "Bücher" : { "Wege der Helden" : 267 }, "Abgestuft" : true, "Kosten" : 1, "Stufe:Maximum" : 6, "Voraussetzungen" : { "Vorteile/Nachteile/Sonderfertigkeiten" : { "Wahl" : [{ "Viertelzauberer" : {}, "Viertelzauberer (unentdeckt)" : {}, "Halbzauberer" : {}, "Vollzauberer" : {} }] } }, "Effekte" : { "Basiswerte" : { "Astralenergie" : -1 } }, "Beschreibung:Kurz" : "-1 AsP pro Stufe" },
	"Niedrige Lebenskraft" : { "Bücher" : { "Wege der Helden" : 267 }, "Abgestuft" : true, "Kosten" : 2, "Stufe:Maximum" : 6, "Effekte" : { "Basiswerte" : { "Lebensenergie" : -1 } }, "Beschreibung:Kurz" : "-1 LeP pro Stufe" },
	"Niedrige Magieresistenz" : { "Bücher" : { "Wege der Helden" : 267 }, "Abgestuft" : true, "Kosten" : 2, "Stufe:Maximum" : 3, "Effekte" : { "Basiswerte" : { "Magieresistenz" : -1 } }, "Beschreibung:Kurz" : "-1 MR pro Stufe (nicht unter 0)" },
	"Pechmagnet" : { "Bücher" : { "Wege der Helden" : 267 }, "Kosten" : 10, "Beschreibung:Kurz" : "Deutliche Benachteiligung bei Zufallswürfen, 1x pro Spielabend ein Wurf Misserfolg nach Meisterentscheid" },
	"Platzangst" : { "Bücher" : { "Wege der Helden" : 267 }, "Schlechte Eigenschaft" : true, "Abgestuft" : true, "Stufe:Minimum" : 5, "Stufe:Maximum" : 12, "Kosten" : 1.5, "Beschreibung:Kurz" : "Beklemmung auf großen offenen Flächen (z.B. Meer/Eis(wüste)/Steppe)" },
	"Prinzipientreue" : { "Bücher" : { "Wege der Helden" : 267 }, "Abgestuft" : true, "Freitext" : "Beschreibung", "Kosten" : 1, "Stufe:Minimum" : 3, "Stufe:Maximum" : 12, "Beschreibung:Kurz" : "Folgt Prinzipien, sonst Auswirkungen wie Schlechte Eigenschaft" },
	"Rachsucht" : { "Bücher" : { "Wege der Helden" : 268 }, "Schlechte Eigenschaft" : true, "Abgestuft" : true, "Stufe:Minimum" : 5, "Stufe:Maximum" : 12, "Kosten" : 1, "Beschreibung:Kurz" : "Verlangt geplante Vergeltung für Beleidigung/schlechte Behandlung" },
	"Randgruppe" : { "Bücher" : { "Wege der Helden" : 268 }, "Kosten" : 5, "Beschreibung:Kurz" : "SO max. 8, evtl. Mali auf Ges. Talente, Risiko, von einem Mob verfolgt zu werden" },
	"Raubtiergeruch" : { "Bücher" : { "Wege der Helden" : 268 }, "Kosten" : 5, "Beschreibung:Kurz" : "Löst bei Tieren Aggression o. Flucht aus: Proben+5 (v.a. Abrichten/Reiten)" },
	"Raumangst" : { "Bücher" : { "Wege der Helden" : 268 }, "Schlechte Eigenschaft" : true, "Abgestuft" : true, "Stufe:Minimum" : 5, "Stufe:Maximum" : 12, "Kosten" : 1.5, "Beschreibung:Kurz" : "Beklemmung in engen Räumen, schmalen Tunneln und bei niedrigen Decken" },
	"Rückschlag" : { "Bücher" : { "Wege der Helden" : 268 }, "Kosten" : 10, "Voraussetzungen" : { "Vorteile/Nachteile/Sonderfertigkeiten" : { "Wahl" : [{ "Halbzauberer" : {}, "Vollzauberer" : {} }], "Nicht" : { "Feste Matrix" : {} } } }, "Beschreibung:Kurz" : "Misslungene Zauber wirken wenn mögl. mit 1 ZfP* bei vollen Kosten auf Zauberer, Patzer mit voller Wirkung" },
	"Schlafstörungen I" : { "Bücher" : { "Wege der Helden" : 268 }, "Kosten" : 7, "Beschreibung:Kurz" : "25% der Nächte: Regeneration -1, nur wie 4h für Ersch., morgens 4h Schlechte Eig. +2, Talente/Zauber+3" },
	"Schlafstörungen II" : { "Bücher" : { "Wege der Helden" : 268 }, "Kosten" : 10, "Beschreibung:Kurz" : "50% der Nächte o. missl. Selbstb.+7: Regeneration -1, nur wie 4h für Ersch., morgens 4h Schlechte Eig. +2, Talente/Zauber+3, kauft 'Medizin'" },
	"Schlafwandler" : { "Bücher" : { "Wege der Helden" : 268 }, "Kosten" : 3, "Beschreibung:Kurz" : "25% der Nächte: Schlafwandelt, Regeneration -1, Risiko von Verletzungen, geweckt: KL/IN-3, Jähzorn-Probe" },
	"Schlechte Regeneration" : { "Bücher" : { "Wege der Helden" : 269 }, "Kosten" : 10, "Voraussetzungen" : { "Vorteile/Nachteile/Sonderfertigkeiten" : { "Nicht" : { "Schnelle Heilung I" : {}, "Schnelle Heilung II" : {}, "Schnelle Heilung III" : {} } } }, "Beschreibung:Kurz" : "LeP-Regeneration -1, KO+2 zur LeP-Regeneration und Wundheilung" },
	"Schlechter Ruf" : { "Bücher" : { "Wege der Helden" : 269 }, "Abgestuft" : true, "Freitext" : "Region", "Kosten" : 1, "Stufe:Maximum" : 10, "Beschreibung:Kurz" : "Ges. Talente +1/2 Stufen, SO-1/3 in entspr. Region" },
	"Schneller Alternd" : { "Bücher" : { "Wege der Helden" : 269 }, "Kosten" : 3, "Voraussetzungen" : { "Vorteile/Nachteile/Sonderfertigkeiten" : { "Nicht" : { "Altersresistenz" : {} } } }, "Beschreibung:Kurz" : "Altersschwellen -33%" },
	"Schulden" : { "Bücher" : { "Wege der Helden" : 269 }, "Abgestuft" : true, "Kosten" : 0.01, "Stufe:Minimum" : 500, "Stufe:Maximum" : 2000, "Voraussetzungen" : { "Basiswerte" : { "Sozialstatus" : 7 } }, "Beschreibung:Kurz" : "Rückzahlung von 10%/Jahr, sonst Gesucht II und verlorene Kreditwürdigkeit" },
	"Schwache Ausstrahlung" : { "Bücher" : { "Wege der Helden" : 269 }, "Abgestuft" : true, "Kosten" : 1, "Stufe:Maximum" : 5, "Voraussetzungen" : { "Vorteile/Nachteile/Sonderfertigkeiten" : { "Wahl" : [{ "Vollzauberer" : {}, "Halbzauberer" : {} }] }, "Professionen" : { "Nicht" : { "Tänzer" : {}, "Zibilja" : {} } } }, "Beschreibung:Kurz" : "Zauber/Ritualkenntnis mit CH +Wert (2xCH: +2xWert, +1 Spalte), CH +Wert für Wesenheiten/Artefaktseelen, Schleier -Wert" },
	"Schwacher Astralkörper" : { "Bücher" : { "Wege der Helden" : 269 }, "Kosten" : 7, "Voraussetzungen" : { "Vorteile/Nachteile/Sonderfertigkeiten" : { "Wahl" : [{ "Halbzauberer" : {}, "Vollzauberer" : {} }] } }, "Beschreibung:Kurz" : "Zauber/Ritual pro ang. 12 AsP: -W3 AsP (führt zu Missl.) als Funkeln/Nebel, evtl. -W3 AsP bei starken Feldern o. Ziel von Zauber >11 AsP" },
	"Schwanzlos" : { "Bücher" : { "Wege der Helden" : 269 }, "Kosten" : 7, "Voraussetzungen" : { "Rassen" : { "Muss" : { "Achaz" : {} } } }, "Beschreibung:Kurz" : "Kein bemuskelter Schwanz: GE+1 (auch bei Körp. Talenten), Balance entfällt (Her. Balance zu Balance)" },
	"Seffer Manich" : { "Bücher" : { "Wege der Helden" : 269 }, "Kosten" : 7, "speziell" : true, "Voraussetzungen" : { "Professionen" : { "Muss" : { "Zibilja" : {} } } }, "Beschreibung:Kurz" : "Rituale erforden Sippenchronik und -siegel, sonst je +6, Reisekomponenten nur je -4, neue Chronik: +4" },
	"Selbstgespräche" : { "Bücher" : { "Wege der Helden" : 269 }, "Kosten" : 3, "Beschreibung:Kurz" : "Plaudert gedankenlos Geheimnisse oder Meinungen aus" },
	"Sensibler Geruchssinn" : { "Bücher" : { "Wege der Helden" : 270 }, "Schlechte Eigenschaft" : true, "Abgestuft" : true, "Stufe:Minimum" : 5, "Stufe:Maximum" : 12, "Kosten" : 1.5, "speziell" : true, "Beschreibung:Kurz" : "Verdorbenes/Verschimmeltes (auch Wein/Bier/Käse): Selbstb.+Wert sonst Flucht/Erbrechen, Entfernung/Atemschutz: +Wert/2" },
	"Sippenlosigkeit" : { "Bücher" : { "Wege der Helden" : 270 }, "Kosten" : 5, "speziell" : true, "Voraussetzungen" : { "Kulturen" : { "Wahl" : { "Auelfische Sippe" : {}, "Steppenelfische Sippe" : {}, "Waldelfische Sippe" : {}, "Firnelfische Sippe" : {} } } }, "Beschreibung:Kurz" : "Kein Salasandra, keine Große Meditation, Elfenlieder +100%" },
	"Sonnensucht" : { "Bücher" : { "Wege der Helden" : 270 }, "Bücher" : { "Wege der Helden" : 270 }, "Schlechte Eigenschaft" : true, "Abgestuft" : true, "Stufe:Minimum" : 5, "Stufe:Maximum" : 12, "Kosten" : 1.5, "speziell" : true, "Voraussetzungen" : { "Vorteile/Nachteile/Sonderfertigkeiten" : { "Muss" : { "Kältestarre" : {} } } }, "Beschreibung:Kurz" : "<2h direktes Sonnenlicht/Tag: Auswirkungen der Kältestarre" },
	"Speisegebote" : { "Bücher" : { "Wege der Helden" : 270 }, "Freitext" : "Beschreibung", "Kosten" : 5, "Beschreibung:Kurz" : "Best. Nahrungsmittel nicht essen, sonst wie Schlechte Eigenschaft" },
	"Spielsucht" : { "Bücher" : { "Wege der Helden" : 270 }, "Schlechte Eigenschaft" : true, "Abgestuft" : true, "Stufe:Minimum" : 5, "Stufe:Maximum" : 12, "Kosten" : 1, "Beschreibung:Kurz" : "Wette gerne, spielt, ohne Regeln zu können, aufhören: Selbstb.+Wert" },
	"Sprachfehler" : { "Bücher" : { "Wege der Helden" : 270 }, "Kosten" : 10, "Kosten:Voraussetzungen" : [{ "Professionen" : { "Wahl" : { "Magier" : {}, "Scharlatan" : {} } }, "Multiplikativ" : 1.5 }], "Beschreibung:Kurz" : "Ges. Talente/Zauber +3, keine Freie Aktion Rufen/Aktion Taktik" },
	"Spruchhemmung" : { "Bücher" : { "Wege der Helden" : 270 }, "Kosten" : 10, "Voraussetzungen" : { "Vorteile/Nachteile/Sonderfertigkeiten" : { "Wahl" : [{ "Vollzauberer" : {}, "Halbzauberer" : {} }], "Nicht" : { "Feste Matrix" : {} } }, "Professionen" : { "Nicht" : { "Tänzer" : {}, "Zibilja" : {} } } }, "Beschreibung:Kurz" : "Zauber 2 der W20 gleich (außer 2x1/2x20): missl. ohne Wirkung, aber übliche Kosten" },
	"Stigma" : { "Bücher" : { "Wege der Helden" : 270 }, "Abgestuft" : true, "Freitext" : "Beschreibung", "Kosten" : 1, "Stufe:Maximum" : 12, "Beschreibung:Kurz" : "Offensichtliches, widernatürliches Zeichen: Ges. Talente +3" },
	"Streitsucht" : { "Bücher" : { "Wege der Helden" : 270 }, "Schlechte Eigenschaft" : true, "Abgestuft" : true, "Stufe:Minimum" : 5, "Stufe:Maximum" : 12, "Kosten" : 0.5, "Beschreibung:Kurz" : "Oft anderer Meinung (auch gezielt um Streit herbeizuführen), diskutiert ständig" },
	"Stubenhocker" : { "Bücher" : { "Wege der Helden" : 270 }, "Kosten" : 20, "Beschreibung:Kurz" : "Kampf/Körper +1 Spalte (bis je 500 AP inv.), je 300 AP um GE/KO/KK zu steigern, Generierung: Kampf/Körper nur 5 max. +2, GE/KO/KK max. 11" },
	"Sucht" : { "Bücher" : { "Wege der Helden" : 271 }, "Abgestuft" : true, "Freitext" : "Suchtmittel", "Kosten" : 2, "Stufe:Maximum" : 12, "Beschreibung:Kurz" : "15-Stufe Tage Entzug: Keine Reg., Stufe/3 Ersch./Tag, Talente/Schlechte Eig.+Stufe/3, doppelt so lange: Stufe/2, KO=0: -Stufe/2 LeP/Tag" },
	"Sucht (hohe Verfügbarkeit)" : { "Bücher" : { "Wege der Helden" : 271 }, "Abgestuft" : true, "Freitext" : "Suchtmittel", "Kosten" : 1, "Stufe:Maximum" : 12, "Beschreibung:Kurz" : "15-Stufe Tage Entzug: Keine Reg., Stufe/3 Ersch./Tag, Talente/Schlechte Eig.+Stufe/3, doppelt so lange: Stufe/2, KO=0: -Stufe/2 LeP/Tag" },
	"Thesisgebunden" : { "Bücher" : { "Wege der Helden" : 271 }, "Auswahl" : "Zauber", "Kosten" : 1, "Voraussetzungen" : { "Professionen" : { "Wahl" : { "Magier" : {}, "Hexe" : { "Varianten" : { "Muss" : ["Schwester des Wissens"] } }, "Kristallomant" : {}, "Scharlatan" : {} } }, "Vorteile/Nachteile/Sonderfertigkeiten" : { "Nicht" : { "Eidetisches Gedächtnis" : {}, "Gutes Gedächtnis" : {}, "Vergesslichkeit" : {} } } }, "Beschreibung:Kurz" : "Entspr. Zauber benötigt schriftl. Thesis sonst SpoMo Veränderte Technik u. keine weiteren SpoMos" },
	"Tollpatsch" : { "Bücher" : { "Wege der Helden" : 271 }, "Kosten" : 10, "Voraussetzungen" : { "Vorteile/Nachteile/Sonderfertigkeiten" : { "Nicht" : { "Wilde Magie" : {} } } }, "Beschreibung:Kurz" : "Talente 2x19 o. 19+20: Patzer, Eigenschaften/AT/PA 19: Patzer" },
	"Totenangst" : { "Bücher" : { "Wege der Helden" : 271 }, "Schlechte Eigenschaft" : true, "Abgestuft" : true, "Stufe:Minimum" : 5, "Stufe:Maximum" : 12, "Kosten" : 1, "Beschreibung:Kurz" : "Angst vor Toten/Untoten, Beklemmung bei Boron-Geweihten" },
	"Übler Geruch" : { "Bücher" : { "Wege der Helden" : 271 }, "Kosten" : 5, "Beschreibung:Kurz" : "Ges. Talente +2, evtl. andere Talente (evtl. auch bei Tieren) mit CH +2, Gegenüber Sensibler Geruchssinn/Sinnenschärfe Spez. Geruch: +4" },
	"Unangenehme Stimme" : { "Bücher" : { "Wege der Helden" : 271 }, "Kosten" : 5, "Voraussetzungen" : { "Vorteile/Nachteile/Sonderfertigkeiten" : { "Nicht" : { "Wohlklang" : {} } } }, "Beschreibung:Kurz" : "Ges. Talente +2, Abrichten/Fahrzeug Lenken/etc. +1, evtl. andere Talente mit CH +2, bei Barden/Elfen: +4" },
	"Unansehnlich" : { "Bücher" : { "Wege der Helden" : 272 }, "Kosten" : 5, "Voraussetzungen" : { "Vorteile/Nachteile/Sonderfertigkeiten" : { "Nicht" : { "Gut Aussehend" : {}, "Herausragendes Aussehen" : {}, "Widerwärtiges Aussehen" : {} } } }, "Beschreibung:Kurz" : "Ges. Talente +2, evtl. andere Talente mit CH +2, CH für pass. Zauber -1 (Horriphobus) o. +1 (Bannbaladin)" },
	"Unfähigkeit für Merkmal" : { "Bücher" : { "Wege der Helden" : 272 }, "Auswahl" : "Merkmal", "Kosten" : 2, "Voraussetzungen" : { "Vorteile/Nachteile/Sonderfertigkeiten" : { "Wahl" : [{ "Halbzauberer" : {}, "Vollzauberer" : {} }] }, "Auswahl" : ["Geisterwesen", "Heilung", "Herbeirufung", "Illusion", "Schaden", "Telekinese", "Verständigung", "Antimagie", "Beschwörung", "Eigenschaften", "Einfluss", "Form", "Hellsicht", "Herrschaft", "Kraft", "Objekt", "Umwelt", "Dämonisch (gesamt)", "Elementar (gesamt)"] }, "Kosten:Voraussetzungen" : [{ "Auswahl" : ["Antimagie", "Beschwörung", "Eigenschaften", "Einfluss", "Form", "Hellsicht", "Herrschaft", "Kraft", "Objekt", "Umwelt"], "Multiplikativ" : 1.5 }, { "Auswahl" : ["Dämonisch (gesamt)", "Elementar (gesamt)"], "Multiplikativ" : 2 }], "Beschreibung:Kurz" : "Zauber mit entspr. Merkmal +1 Spalte, keine SpoMos, nur eigen Repr., ZfW max. niedrigste beteiligte Eig." },
	"Unfähigkeit für Talent" : { "Bücher" : { "Wege der Helden" : 272 }, "Auswahl" : "Talent", "speziell" : true, "Kosten" : 1, "Kosten:Voraussetzungen" : [{ "Auswahl" : ["Anderthalbhänder", "Dolche", "Fechtwaffen", "Hiebwaffen", "Infanteriewaffen", "Kettenstäbe", "Kettenwaffen", "Lanzenreiten", "Peitsche", "Raufen", "Ringen", "Säbel", "Schwerter", "Speere", "Stäbe", "Zweihandflegel", "Zweihand-Hiebwaffen", "Zweihandschwerter/-säbel", "Armbrust", "Belagerungswaffen", "Blasrohr", "Bogen", "Diskus", "Schleuder", "Wurfbeile", "Wurfmesser", "Wurfspeere", "Akrobatik", "Athletik", "Fliegen", "Gaukeleien", "Klettern", "Körperbeherrschung", "Reiten", "Schleichen", "Selbstbeherrschung", "Sinnenschärfe", "Skifahren", "Stimmen Imitieren", "Taschendiebstahl"], "Multiplikativ" : 2 }], "Beschreibung:Kurz" : "Entspr. Talent +1 Spalte, Generierung: Steigern nicht mögl." },
	"Unfähigkeit für Talentgruppe" : { "Bücher" : { "Wege der Helden" : 272 }, "Auswahl" : "Talentgruppe", "Kosten" : 10, "Kosten:Voraussetzungen" : [{ "Auswahl" : ["Fernkampftalente"], "Multiplikativ" : 0.5 }, { "Auswahl" : ["Sprachen und Schriften"], "Multiplikativ" : 0.7 }, { "Auswahl" : ["Kampftalente", "Körperliche Talente"], "Multiplikativ" : 1.5 }], "Beschreibung:Kurz" : "Entspr. Talente +1 Spalte, Generierung: Steigern nicht mögl." },
	"Unfrei" : { "Bücher" : { "Wege der Helden" : 272 }, "Kosten" : 5, "Voraussetzungen" : { "Basiswerte" : { "Sozialstatus" : -7 } }, "Beschreibung:Kurz" : "Erkennbar unfrei (Leibeigener/Sklave): Keine Waffen außer Dolche/Knüppel/Werkzeug sonst Gesucht I, SO max. 7, evtl. Abbau für 500 AP" },
	"Ungebildet" : { "Bücher" : { "Wege der Helden" : 272 }, "Abgestuft" : true, "Kosten" : 1, "Stufe:Maximum" : 5, "Voraussetzungen" : { "Vorteile/Nachteile/Sonderfertigkeiten" : { "Nicht" : { "Gebildet" : {} } } }, "Beschreibung:Kurz" : "-40 Start-AP/Stufe" },
	"Unstet" : { "Bücher" : { "Wege der Helden" : 272 }, "Kosten" : 25, "Vorteile/Nachteile/Sonderfertigkeiten" : { "Nicht" : { "Begabung für Talentgruppe" : { "Auswahl" : { "Wahl" : ["Wissenstalente", "Handwerkstalente"] } }, "Unfähigkeit für Talentgruppe" : { "Auswahl" : { "Wahl" : ["Wissenstalente", "Handwerkstalente"] } }, "Eidetisches Gedächtnis" : {}, "Gutes Gedächtnis" : {} } }, "Beschreibung:Kurz" : "Talentproben >3h +3, Wissen/Handwerk +1 Spalte (nicht bei Generierung)" },
	"Unverträglichkeit mit verarbeitetem Metall" : { "Bücher" : { "Wege der Helden" : 273 }, "Kosten" : 10, "Voraussetzungen" : { "Vorteile/Nachteile/Sonderfertigkeiten" : { "Wahl" : [{ "Viertelzauberer" : {}, "Viertelzauberer (unentdeckt)" : {}, "Halbzauberer" : {}, "Vollzauberer" : {} }] } }, "Beschreibung:Kurz" : "Erschwernis BEx5 (min. +7), BEx2 Tage ohne AsP-Regeneration, met. Ausrüstung: +7, Fesslung: doppelte Erschw., +5 AsP/Zauber" },
	"Vergesslichkeit" : { "Bücher" : { "Wege der Helden" : 273 }, "Kosten" : 5, "Voraussetzungen" : { "Vorteile/Nachteile/Sonderfertigkeiten" : { "Nicht" : { "Eidetisches Gedächtnis" : {}, "Gutes Gedächtnis" : {}, "Thesisgebunden" : {} } } }, "Beschreibung:Kurz" : "KL+5 zum Erinnern, vergisst wichtige Informationen, Namen, Ausrüstung" },
	"Verpflichtungen" : { "Bücher" : { "Wege der Helden" : 273 }, "Freitext" : "Person/Gruppe", "Kosten" : 12, "Beschreibung:Kurz" : "Ist Befehlsempfänger oder Gruppierung anderweitig verpflichtet" },
	"Verschwendungssucht"  : { "Bücher" : { "Wege der Helden" : 273 }, "Schlechte Eigenschaft" : true, "Abgestuft" : true, "Stufe:Minimum" : 5, "Stufe:Maximum" : 12, "Kosten" : 1, "Voraussetzungen" : { "Vorteile/Nachteile/Sonderfertigkeiten" : { "Nicht" : { "Geiz" : {} } } }, "Beschreibung:Kurz" : "Kauft ohne Rücksicht auf Preis und Wert, führt evtl. zu Schulden" },
	"Verwöhnt" : { "Bücher" : { "Wege der Helden" : 273 }, "Schlechte Eigenschaft" : true, "Abgestuft" : true, "Stufe:Minimum" : 5, "Stufe:Maximum" : 12, "Kosten" : 1, "Beschreibung:Kurz" : "Ohne Bett: KO+Wert sonst LeP-Regeneration -1 (AsP entspr.), BE durch Last ab KK-2 Stein, red. Regeneration bei schlechtem Essen" },
	"Vorurteile" : { "Bücher" : { "Wege der Helden" : 273 }, "Schlechte Eigenschaft" : true, "Abgestuft" : true, "Stufe:Minimum" : 5, "Stufe:Maximum" : 12, "Freitext" : "Person/Gruppe", "Kosten" : 0.5, "Beschreibung:Kurz" : "Gesellschaftliche Talente +Wert im Umgang mit entspr. Personen" },
	"Vorurteile (große Gruppe)" : { "Bücher" : { "Wege der Helden" : 273 }, "Schlechte Eigenschaft" : true, "Abgestuft" : true, "Stufe:Minimum" : 5, "Stufe:Maximum" : 12, "Freitext" : "Person/Gruppe", "Kosten" : 1, "Beschreibung:Kurz" : "Gesellschaftliche Talente +Wert im Umgang mit entspr. Personen (Gruppe>50% Bevölkerung o. häufig spielrelevant)" },
	"Wahnvorstellungen" : { "Bücher" : { "Wege der Helden" : 273 }, "Freitext" : "Beschreibung", "Kosten" : 10, "Beschreibung:Kurz" : "Verlust der Realität, massive konkrete Wahnvorstellungen" },
	"Wahrer Name" : { "Bücher" : { "Wege der Helden" : 273 }, "Kosten" : 5, "Voraussetzungen" : { "Vorteile/Nachteile/Sonderfertigkeiten" : { "Wahl" : [{ "Viertelzauberer" : {}, "Viertelzauberer (unentdeckt)" : {}, "Halbzauberer" : {}, "Vollzauberer" : {} }] } }, "Beschreibung:Kurz" : "Bei Bekanntheit des Wahren Namens: MR=0, Einfluss/Herrschaft/Hellsicht/Verständigung -25% AsP, CH-3, Überreden/Überzeugen-5" },
	"Weltfremd" : { "Bücher" : { "Wege der Helden" : 273 }, "Schlechte Eigenschaft" : true, "Abgestuft" : true, "Stufe:Minimum" : 5, "Stufe:Maximum" : 12, "Freitext" : "Beschreibung", "Kosten" : 1, "Beschreibung:Kurz" : "Passende Eigenschaften/Talente +Wert" },
	"Widerwärtiges Aussehen" : { "Bücher" : { "Wege der Helden" : 274 }, "Kosten" : 15, "Voraussetzungen" : { "Vorteile/Nachteile/Sonderfertigkeiten" : { "Nicht" : { "Gut Aussehend" : {}, "Herausragendes Aussehen" : {}, "Unansehnlich" : {} } } }, "Beschreibung:Kurz" : "Ges. Talente +5, evtl. andere Talente mit CH +5, CH für pass. Zauber -2 (Horriphobus) o. +2 (Bannbaladin), Verstecken zw. Menschen schwer" },
	"Wilde Magie" : { "Bücher" : { "Wege der Helden" : 274 }, "Kosten" : 7, "Voraussetzungen" : { "Professionen" : { "Nicht" : { "Magier" : {} } }, "Vorteile/Nachteile/Sonderfertigkeiten" : { "Wahl" : [{ "Halbzauberer" : {}, "Vollzauberer" : {} }], "Nicht" : { "Feste Matrix" : {}, "Tollpatsch" : {} } } }, "Beschreibung:Kurz" : "Zauber/Rituale 2x19 o. 19+20: Patzer" },
	"Zielschwierigkeiten" : { "Bücher" : { "Wege der Helden" : 274 }, "Kosten" : 7, "Voraussetzungen" : { "Vorteile/Nachteile/Sonderfertigkeiten" : { "Wahl" : [{ "Vollzauberer" : {}, "Halbzauberer" : {} }] }, "Professionen" : { "Nicht" : { "Tänzer" : {}, "Zibilja" : {} } } }, "Beschreibung:Kurz" : "Zauber: FK-Probe (bestes Talent) +2/Entf. (1/3/7/21/49 Schritt/Horizont) + weiter FK-Mod., sonst 2 Akt. u. -1 AsP, dann Zauberprobe + selbe Erschw." },
	"Zögerlicher Zauberer" : { "Bücher" : { "Wege der Helden" : 274 }, "Abgestuft" : true, "Kosten" : 2, "Stufe:Maximum" : 5, "Voraussetzungen" : { "Vorteile/Nachteile/Sonderfertigkeiten" : { "Wahl" : [{ "Vollzauberer" : {}, "Halbzauberer" : {} }] }, "Professionen" : { "Nicht" : { "Tänzer" : {}, "Zibilja" : {} } } }, "Beschreibung:Kurz" : "Zauber/Ritualkenntnis mit MU +Wert (2xMU: +2xWert, +1 Spalte), Kontrollproben/Austreibung +Wert" },
	"Zwergenwuchs" : { "Bücher" : { "Wege der Helden" : 274 }, "Kosten" : 7, "speziell" : true, "Voraussetzungen" : { "Rassen" : { "Muss" : { "Zwerg" : {} } } }, "Effekte" : { "Basiswerte" : { "Geschwindigkeit" : -2 } }, "Beschreibung:Kurz" : "-2 GS, Sprungw./-h. -2/-4, Waffen AT/PA/TP-1 (>1.3m -2 außer Speere), nur niedr. DK, unang. Rüstung BE+1, Ausw.-1, Umr./Gegenh.-2, Ausf.+2, Gez. Schlag Kopf+2/Bein-2, einige Manöver andere Kosten" }
}