{
	"releaseDate" : "2020-11-29_13-00",
	"previousReleaseDate" : "2020-06-05_17-30",
	"previousReleaseLink" : "https://raw.githubusercontent.com/DSATool/DSATool/master/release/DSATool_2020-06-05_17-30.zip",
	"updateInfo" : "https://raw.githubusercontent.com/DSATool/DSATool/master/release/update-info.json",
	"signatureProviderName" : "SunEC",
	"signatureKeyAlgorithm" : "EC",
	"signatureAlgorithm" : "SHA512withECDSA",
	"signatureKey" : "MFkwEwYHKoZIzj0CAQYIKoZIzj0DAQcDQgAEv/bhNL3TE4lXx8MBz+Oi4sGYoRlf0MVz0E1RjIfbCUIyDa8hgewACgWUKcBj363cZQfbLE3aUFqW2HmELS7HrA=="
}