{
	"releaseDate" : "2020-11-29_13-00",
	"previousReleaseDate" : "2020-03-25_18-00",
	"previousReleaseLink" : "https://raw.githubusercontent.com/DSATool/MeasurementsPlugin/master/release/Measurements_2020-03-25_18-00.zip",
	"updateInfo" : "https://raw.githubusercontent.com/DSATool/MeasurementsPlugin/master/release/update-info.json",
	"signatureProviderName" : "SunEC",
	"signatureKeyAlgorithm" : "EC",
	"signatureAlgorithm" : "SHA512withECDSA",
	"signatureKey" : "MFkwEwYHKoZIzj0CAQYIKoZIzj0DAQcDQgAEffW8D/FjjrGKOeEmxybPObeiKuJwy7a/1j8Rv1dksYdMvs4e+P/o19qfTc38yyp5GcgpFugkZtDAJW4o47n6qA=="
}