{
	"releaseDate" : "2020-11-29_13-00",
	"previousReleaseDate" : "2020-11-29_13-00",
	"previousReleaseLink" : "https://raw.githubusercontent.com/DSATool/NPCsPlugin/master/release/NPCs_2020-11-29_13-00.zip",
	"updateInfo" : "https://raw.githubusercontent.com/DSATool/NPCsPlugin/master/release/update-info.json",
	"signatureProviderName" : "SunEC",
	"signatureKeyAlgorithm" : "EC",
	"signatureAlgorithm" : "SHA512withECDSA",
	"signatureKey" : "MFkwEwYHKoZIzj0CAQYIKoZIzj0DAQcDQgAErvE74gxe3T1/ehwVCY4I4I3qk0J0kvtSymfbcVVajwRD5ygvgSbDTjIcXCv9srYiEDxNDyxJXPX3KFiN9XXLkw=="
}