{
	"Alraune" : {
		"Bücher" : { "Zoo-Botanica Aventurica" : 227 },
		"Typ" : ["Nutzpflanze"],
		"Gebiet" : ["NoerdlichDerKhom"],
		"Verbreitung" : { "Wald" : "selten", "Grasland, Wiesen" : "selten" },
		"Bestimmung" : 9,
		"Ernte" : ["Praios", "Rondra", "Efferd", "Travia", "Boron", "Hesinde", "Firun", "Tsa", "Phex", "Peraine", "Ingerimm", "Rahja", "Namenloser"],
		"Grundmenge" : { "Additiv" : 1, "Art" : "Pflanzen" },
		"Haltbarkeit" : { "Würfel:Typ" : 3, "Würfel:Anzahl" : 1, "Additiv" : 2, "Einheit" : "Tag" },
		"Preis" : 1,
		"Anmerkungen" : "Wald und feuchte Grasländer"
	},
	"Alveranie" : {
		"Bücher" : { "Zoo-Botanica Aventurica" : 228 },
		"Typ" : ["Übernatürliche Pflanze"],
		"Gebiet" : ["GanzAventurien"],
		"Verbreitung" : { "Eis" : "sehr selten", "Wüste und Wüstenrand" : "sehr selten", "Gebirge" : "sehr selten", "Hochland" : "sehr selten", "Steppe" : "sehr selten", "Grasland, Wiesen" : "sehr selten", "Fluss- und Seeufer, Teiche" : "sehr selten", "Küste, Strand" : "sehr selten", "Flussauen" : "sehr selten", "Sumpf und Moor" : "sehr selten", "Regenwald" : "sehr selten", "Wald" : "sehr selten", "Waldrand" : "sehr selten" },
		"Bestimmung" : -5,
		"Ernte" : ["Praios", "Rondra", "Efferd", "Travia", "Boron", "Hesinde", "Firun", "Tsa", "Phex", "Peraine", "Ingerimm", "Rahja"],
		"Grundmenge" : { "Additiv" : 12, "Art" : "Blätter" },
		"Haltbarkeit" : { "Additiv" : 12, "Einheit" : "Stunde" }
	},
	"Arganstrauch" : {
		"Bücher" : { "Zoo-Botanica Aventurica" : 228 },
		"Typ" : ["Heilpflanze"],
		"Gebiet" : ["MeridianischeHalbinsel", "Waldinseln"],
		"Verbreitung" : { "Regenwald" : "gelegentlich", "Sumpf und Moor" : "selten", "Wald" : "sehr selten" },
		"Bestimmung" : 4,
		"Ernte" : ["Praios", "Rondra", "Efferd", "Travia", "Boron", "Hesinde", "Firun", "Tsa", "Phex", "Peraine", "Ingerimm", "Rahja", "Namenloser"],
		"Grundmenge" : { "Additiv" : 1, "Art" : "Wurzeln" },
		"Haltbarkeit" : { "Würfel:Typ" : 6, "Würfel:Anzahl" : 2, "Additiv" : 18, "Einheit" : "Stunde" },
		"Preis" : 7
	},
	"Atan-Kiefer" : {
		"Bücher" : { "Zoo-Botanica Aventurica" : 228 },
		"Typ" : ["Heilpflanze"],
		"Gebiet" : ["EhernesSchwert"],
		"Verbreitung" : { "Gebirge" : "selten" },
		"Bestimmung" : 6,
		"Ernte" : ["Praios", "Rondra", "Efferd", "Travia", "Boron", "Hesinde", "Firun", "Tsa", "Phex", "Peraine", "Ingerimm", "Rahja", "Namenloser"],
		"Grundmenge" : { "Würfel:Typ" : 20, "Würfel:Anzahl" : 1, "Art" : "Stein Rinde"  },
		"Haltbarkeit" : { "Würfel:Typ" : 6, "Würfel:Anzahl" : 1, "Additiv" : 14, "Einheit" : "Tag" },
		"Preis" : 12,
		"Anmerkungen" : "Dreifache Menge bei vollständigem Abschälen"
	},
	"Atmon" : {
		"Bücher" : { "Zoo-Botanica Aventurica" : 229 },
		"Typ" : ["Nutzpflanze"],
		"Gebiet" : ["Khom", "GorischeWueste", "Raschtulswall", "Khoramgebirge"],
		"Verbreitung" : { "Steppe" : "gelegentlich", "Hochland" : "selten", "Flussauen" : "sehr selten", "Sumpf und Moor" : "sehr selten" },
		"Bestimmung" : 5,
		"Ernte" : ["Peraine"],
		"Grundmenge" : { "Würfel:Typ" : 6, "Würfel:Anzahl" : 1, "Art" : "Büschel" },
		"Haltbarkeit" : { "Würfel:Typ" : 6, "Würfel:Anzahl" : 1, "Additiv" : 6, "Einheit" : "Stunde" },
		"Preis" : 20
	},
	"Axorda-Baum" : {
		"Bücher" : { "Zoo-Botanica Aventurica" : 229 },
		"Typ" : ["Heilpflanze"],
		"Gebiet" : ["Maraskan"],
		"Verbreitung" : { "Regenwald" : "sehr selten", "Gebirge" : "sehr selten" },
		"Bestimmung" : 4,
		"Ernte" : ["Praios", "Rondra", "Efferd", "Travia", "Boron", "Hesinde", "Firun", "Tsa", "Phex", "Peraine", "Ingerimm", "Rahja", "Namenloser"],
		"Grundmenge" : { "Additiv" : 1, "Art" : "Bäume" },
		"Haltbarkeit" : { "Würfel:Typ" : 6, "Würfel:Anzahl" : 6, "Additiv" : 4, "Einheit" : "Woche" },
		"Preis" : 450
	},
	"Basilamine" : {
		"Bücher" : { "Zoo-Botanica Aventurica" : 230 },
		"Typ" : ["Gefährliche Pflanze"],
		"Gebiet" : ["Orkland"],
		"Verbreitung" : { "Wald" : "gelegentlich", "Waldrand" : "selten" },
		"Bestimmung" : 15,
		"Grundmenge" : { "Würfel:Typ" : 20, "Würfel:Anzahl" : 1, "Additiv" : 10, "Art" : "Schoten" },
		"Anmerkungen" : "Im Ingerimm Bestimmung nur +5"
	},
	"Belmart" : {
		"Bücher" : { "Zoo-Botanica Aventurica" : 230 },
		"Typ" : ["Heilpflanze"],
		"Gebiet" : ["NoerdlichGrangorElburum"],
		"Verbreitung" : { "Wald" : "gelegentlich", "Waldrand" : "selten" },
		"Bestimmung" : 6,
		"Ernte" : ["Praios", "Rondra", "Efferd", "Travia", "Boron", "Peraine", "Ingerimm", "Rahja", "Namenloser"],
		"Grundmenge" : { "Würfel:Typ" : 20, "Würfel:Anzahl" : 4, "Art" : "Blätter" },
		"Haltbarkeit" : { "Würfel:Typ" : 6, "Würfel:Anzahl" : 2, "Additiv" : 18, "Einheit" : "Stunde" },
		"Preis" : 9
	},
	"Blutblatt" : {
		"Bücher" : { "Zoo-Botanica Aventurica" : 230 },
		"Typ" : ["Nutzpflanze"],
		"Gebiet" : ["GanzAventurien"],
		"Verbreitung" : { "Eis" : "selten", "Wüste und Wüstenrand" : "selten", "Gebirge" : "selten", "Hochland" : "selten", "Steppe" : "selten", "Grasland, Wiesen" : "selten", "Fluss- und Seeufer, Teiche" : "selten", "Küste, Strand" : "selten", "Flussauen" : "selten", "Sumpf und Moor" : "selten", "Regenwald" : "selten", "Wald" : "selten", "Waldrand" : "selten" },
		"Bestimmung" : 4,
		"Ernte" : ["Praios", "Rondra", "Efferd", "Travia", "Boron", "Hesinde", "Firun", "Tsa", "Phex", "Peraine", "Ingerimm", "Rahja", "Namenloser"],
		"Grundmenge" : { "Würfel:Typ" : 20, "Würfel:Anzahl" : 1, "Additiv" : 2, "Art" : "Zweige" },
		"Haltbarkeit" : { "Würfel:Typ" : 3, "Würfel:Anzahl" : 1, "Einheit" : "Spielrunde" },
		"Preis" : 7,
		"Anmerkungen" : "Verbreitung (selten) nur in der Nähe astraler Quellen, Grundmenge je 10 AsP der Quelle, Haltbarkeit fast unbegrenzt nahe magischen Quellen"
	},
	"Boronie" : {
		"Bücher" : { "Zoo-Botanica Aventurica" : 231 },
		"Typ" : ["Übernatürliche Pflanze"],
		"Gebiet" : ["Suedaventurien", "Mittelaventurien"],
		"Verbreitung" : { "Regenwald" : "selten", "Grasland, Wiesen" : "sehr selten" },
		"Bestimmung" : -2,
		"Ernte" : ["Praios", "Rondra", "Efferd", "Travia", "Boron", "Hesinde", "Firun", "Tsa", "Phex", "Peraine", "Ingerimm", "Rahja", "Namenloser"],
		"Grundmenge" : { "Additiv" : 5, "Art" : "Blüten" },
		"Haltbarkeit" : {  "Additiv" : 5, "Einheit" : "Stunde" },
		"Preis" : 0,
		"Anmerkungen" : "In Mittelaventurien nur einzelne Vorkommen, dort Ernte von Tsa bis Boron"
	},
	"Boronsschlinge" : {
		"Bücher" : { "Zoo-Botanica Aventurica" : 231 },
		"Typ" : ["Gefährliche Pflanze"],
		"Gebiet" : ["Suedaventurien", "Mittelaventurien"],
		"Verbreitung" : { "Wald" : "sehr selten", "Regenwald" : "sehr selten" },
		"Bestimmung" : 15,
		"Anmerkungen" : "Meist auf Lichtungen"
	},
	"Moorwurz" : {
		"Bücher" : { "Zoo-Botanica Aventurica" : 231 },
		"Typ" : ["Gefährliche Pflanze"],
		"Gebiet" : ["Nordaventurien"],
		"Verbreitung" : { "Sumpf und Moor" : "sehr selten" },
		"Bestimmung" : 15,
		"Anmerkungen" : "Auf mageren Moorböden"
	},
	"Carlog" : {
		"Bücher" : { "Zoo-Botanica Aventurica" : 232 },
		"Typ" : ["Nutzpflanze"],
		"Gebiet" : ["WestkuesteThorwalBrabak", "Yslisee", "Vallusa"],
		"Verbreitung" : { "Sumpf und Moor" : "gelegentlich", "Fluss- und Seeufer, Teiche" : "selten", "Flussauen" : "sehr selten" },
		"Bestimmung" : 5,
		"Ernte" : ["Peraine", "Efferd"],
		"Grundmenge" : { "Würfel:Typ" : 6, "Würfel:Anzahl" : 1, "Art" : "Blüten" },
		"Haltbarkeit" : { "Würfel:Typ" : 6, "Würfel:Anzahl" : 2, "Additiv" : 18, "Einheit" : "Stunde" },
		"Preis" : 5
	},
	"Cheria-Kaktus" : {
		"Bücher" : { "Zoo-Botanica Aventurica" : 232 },
		"Typ" : ["Giftpflanze"],
		"Gebiet" : ["Shadif"],
		"Verbreitung" : { "Wüste und Wüstenrand" : "selten" },
		"Bestimmung" : 4,
		"Ernte" : ["Praios", "Rondra", "Efferd", "Travia", "Boron", "Hesinde", "Firun", "Tsa", "Phex", "Peraine", "Ingerimm", "Rahja", "Namenloser"],
		"Grundmenge" : { "Würfel:Typ" : 6, "Würfel:Anzahl" : 1, "Art" : "halbe Stein Kaktusfleisch" },
		"Haltbarkeit" : { "Würfel:Typ" : 6, "Würfel:Anzahl" : 1, "Einheit" : "Tag" },
		"Preis" : 20
	},
	"Chonchinis" : {
		"Bücher" : { "Zoo-Botanica Aventurica" : 233 },
		"Typ" : ["Heilpflanze"],
		"Gebiet" : ["GaretienEchsensuempfe"],
		"Verbreitung" : { "Steppe" : "gelegentlich", "Waldrand" : "selten", "Hochland" : "sehr selten" },
		"Bestimmung" : 6,
		"Ernte" : ["Praios", "Rondra", "Efferd", "Travia", "Boron", "Tsa", "Phex", "Peraine", "Ingerimm", "Rahja", "Namenloser"],
		"Grundmenge" : { "Würfel:Typ" : 20, "Würfel:Anzahl" : 1, "Art" : "Blätter" },
		"Haltbarkeit" : { "Würfel:Typ" : 6, "Würfel:Anzahl" : 1, "Additiv" : 24, "Einheit" : "Stunde" },
		"Preis" : 0.8
	},
	"Disdychonda" : {
		"Bücher" : { "Zoo-Botanica Aventurica" : 233 },
		"Typ" : ["Gefährliche Pflanze"],
		"Gebiet" : ["MeridianischeHalbinsel", "Waldinseln", "Echsensuempfe", "Suedmaraskan", "MaraskanischeInseln"],
		"Verbreitung" : { "Regenwald" : "sehr selten", "Wald" : "sehr selten" },
		"Bestimmung" : 5,
		"Ernte" : ["Praios", "Rondra", "Efferd", "Travia", "Boron", "Hesinde", "Firun", "Tsa", "Phex", "Peraine", "Ingerimm", "Rahja", "Namenloser"],
		"Grundmenge" : { "Additiv" : 4, "Art" : "Blätter" },
		"Haltbarkeit" : { "Würfel:Typ" : 3, "Würfel:Anzahl" : 1, "Additiv" : 7, "Einheit" : "Tag" },
		"Preis" : 30
	},
	"Raubnesseln" : {
		"Bücher" : { "Zoo-Botanica Aventurica" : 234 },
		"Typ" : ["Gefährliche Pflanze"],
		"Gebiet" : ["MeridianischeHalbinsel", "Waldinseln", "Echsensuempfe", "Suedmaraskan", "MaraskanischeInseln"],
		"Verbreitung" : { "Regenwald" : "sehr selten", "Wald" : "sehr selten" },
		"Bestimmung" : 13
	},
	"Donf" : {
		"Bücher" : { "Zoo-Botanica Aventurica" : 234 },
		"Typ" : ["Heilpflanze"],
		"Gebiet" : ["SuedlichVonGerasim"],
		"Verbreitung" : { "Sumpf und Moor" : "gelegentlich", "Fluss- und Seeufer, Teiche" : "selten", "Flussauen" : "sehr selten" },
		"Bestimmung" : 6,
		"Ernte" : ["Praios", "Rondra", "Efferd", "Travia", "Boron", "Hesinde", "Firun", "Tsa", "Phex", "Peraine", "Ingerimm", "Rahja", "Namenloser"],
		"Grundmenge" : { "Additiv" : 1, "Art" : "Stängel" },
		"Haltbarkeit" : { "Würfel:Typ" : 6, "Würfel:Anzahl" : 1, "Additiv" : 6, "Einheit" : "Stunde" },
		"Preis" : 3
	},
	"Dornrose" : {
		"Bücher" : { "Zoo-Botanica Aventurica" : 235 },
		"Typ" : ["Übernatürliche Pflanze"],
		"Gebiet" : ["Aranien"],
		"Verbreitung" : { "Grasland, Wiesen" : "häufig", "Wald" : "gelegentlich" },
		"Bestimmung" : 3,
		"Ernte" : ["Praios", "Rondra", "Efferd", "Travia", "Boron", "Hesinde", "Firun", "Tsa", "Phex", "Peraine", "Ingerimm", "Rahja", "Namenloser"],
		"Grundmenge" : { "Würfel:Typ" : 6, "Würfel:Anzahl" : 1, "Art" : "Blüten" },
		"Haltbarkeit" : { "Würfel:Typ" : 6, "Würfel:Anzahl" : 1, "Additiv" : 7, "Einheit" : "Tag" },
		"Preis" : 0.01,
		"Anmerkungen" : "Nur im Moghulat Oron"
	},
	"Efeuer" : {
		"Bücher" : { "Zoo-Botanica Aventurica" : 235 },
		"Typ" : ["Gefährliche Pflanze"],
		"Gebiet" : ["Nordaventurien", "Mittelaventurien"],
		"Verbreitung" : { "Wald" : "selten" },
		"Bestimmung" : 4,
		"Anmerkungen" : "Auch gelegentlich in Höhleneingängen und Ruinen"
	},
	"Egelschreck" : {
		"Bücher" : { "Zoo-Botanica Aventurica" : 235 },
		"Typ" : ["Nutzpflanze"],
		"Gebiet" : ["LowangenSelem"],
		"Verbreitung" : { "Sumpf und Moor" : "häufig", "Grasland, Wiesen" : "gelegentlich", "Flussauen" : "gelegentlich", "Waldrand" : "selten" },
		"Bestimmung" : 6,
		"Ernte" : ["Rondra"],
		"Grundmenge" : { "Würfel:Typ" : 20, "Würfel:Anzahl" : 2, "Art" : "Blätter" },
		"Haltbarkeit" : { "Würfel:Typ" : 3, "Würfel:Anzahl" : 1, "Additiv" : 4, "Einheit" : "Tag" },
		"Preis" : 0.16
	},
	"Eitriger Krötenschemel" : {
		"Bücher" : { "Zoo-Botanica Aventurica" : 236 },
		"Typ" : ["Giftpflanze"],
		"Gebiet" : ["SuedlichVonRiva"],
		"Verbreitung" : { "Sumpf und Moor" : "gelegentlich", "Flussauen" : "selten", "Wald" : "sehr selten" },
		"Bestimmung" : 2,
		"Ernte" : ["Praios", "Rondra", "Efferd", "Travia", "Boron", "Hesinde", "Firun", "Tsa", "Phex", "Peraine", "Ingerimm", "Rahja", "Namenloser"],
		"Grundmenge" : { "Würfel:Typ" : 6, "Würfel:Anzahl" : 2, "Art" : "Pilzhäute" },
		"Haltbarkeit" : { "Würfel:Typ" : 6, "Würfel:Anzahl" : 1, "Additiv" : 1, "Einheit" : "Tag" },
		"Preis" : 5,
		"Anmerkungen" : "Nur im Süden ganzjährig, sonst Efferd/Travia/Boron"
	},
	"Feuermoos" : {
		"Bücher" : { "Zoo-Botanica Aventurica" : 236 },
		"Typ" : ["Gefährliche Pflanze"],
		"Gebiet" : ["Nordaventurien", "Mittelaventurien"],
		"Verbreitung" : {},
		"Bestimmung" : 15,
		"Anmerkungen" : "Gelegentlich in feuchten Höhlen"
	},
	"Efferdsmoos" : {
		"Bücher" : { "Zoo-Botanica Aventurica" : 236 },
		"Typ" : ["Gefährliche Pflanze"],
		"Gebiet" : ["Nordaventurien", "Mittelaventurien"],
		"Verbreitung" : {},
		"Bestimmung" : 15,
		"Anmerkungen" : "Gelegentlich in feuchten Höhlen"
	},
	"Feuerschlick" : {
		"Bücher" : { "Zoo-Botanica Aventurica" : 237 },
		"Typ" : ["Nutzpflanze", "Heilpflanze"],
		"Gebiet" : ["ElburischeHalbinsel"],
		"Verbreitung" : { "Küste, Strand" : "sehr häufig" },
		"Bestimmung" : -5,
		"Ernte" : ["Praios", "Rondra", "Efferd", "Travia", "Boron", "Hesinde", "Firun", "Tsa", "Phex", "Peraine", "Ingerimm", "Rahja", "Namenloser"],
		"Grundmenge" : { "Würfel:Typ" : 6, "Würfel:Anzahl" : 1, "Art" : "Stein Algen" },
		"Haltbarkeit" : { "Additiv" : 24, "Einheit" : "Stunde" },
		"Preis" : 0.1,
		"Anmerkungen" : "Außer in Vollmondnächten in Rondra/Efferd nur häufig und Bestimmung +6; Meer: sehr selten"
	},
	"Finage" : {
		"Bücher" : { "Zoo-Botanica Aventurica" : 238 },
		"Typ" : ["Heilpflanze"],
		"Gebiet" : ["SuedlichNeethaThalusa"],
		"Verbreitung" : { "Wald" : "selten", "Regenwald" : "selten", "Grasland, Wiesen" : "sehr selten" },
		"Bestimmung" : 5,
		"Ernte" : ["Boron", "Hesinde", "Firun", "Peraine"],
		"Grundmenge" : { "Würfel:Typ" : 20, "Würfel:Anzahl" : 1, "Art" : "Triebe" },
		"Haltbarkeit" : { "Würfel:Typ" : 3, "Würfel:Anzahl" : 1, "Additiv" : 3, "Einheit" : "Monat" },
		"Preis" : 0.86,
		"Anmerkungen" : "Triebe nur im Peraine, sonst Bast"
	},
	"Grüne Schleimschlange" : {
		"Bücher" : { "Zoo-Botanica Aventurica" : 238 },
		"Typ" : ["Gefährliche Pflanze"],
		"Gebiet" : ["Orkland", "Svelltsuempfe", "Totenmoor"],
		"Verbreitung" : { "Sumpf und Moor" : "häufig", "Flussauen" : "sehr selten" },
		"Bestimmung" : 4
	},
	"Gulmond" : {
		"Bücher" : { "Zoo-Botanica Aventurica" : 238 },
		"Typ" : ["Nutzpflanze"],
		"Gebiet" : ["NoerdlichNostriaVallusa"],
		"Verbreitung" : { "Steppe" : "häufig", "Wald" : "gelegentlich", "Hochland" : "gelegentlich" },
		"Bestimmung" : 6,
		"Ernte" : ["Praios", "Rondra", "Efferd", "Travia", "Boron", "Phex", "Peraine", "Ingerimm", "Rahja", "Namenloser"],
		"Grundmenge" : { "Würfel:Typ" : 6, "Würfel:Anzahl" : 2, "Art" : "Blätter" },
		"Haltbarkeit" : { "Würfel:Typ" : 6, "Würfel:Anzahl" : 1, "Additiv" : 24, "Einheit" : "Stunde" },
		"Preis" : 1
	},
	"Hiradwurz" : {
		"Bücher" : { "Zoo-Botanica Aventurica" : 239 },
		"Typ" : ["Nutzpflanze", "Heilpflanze"],
		"Gebiet" : ["Amhallassih", "Mhanadistan", "Gorien", "Aranien"],
		"Verbreitung" : { "Steppe" : "selten" },
		"Bestimmung" : 56,
		"Ernte" : ["Praios", "Rondra", "Efferd", "Travia", "Boron", "Hesinde", "Firun", "Tsa", "Phex", "Peraine", "Ingerimm", "Rahja", "Namenloser"],
		"Grundmenge" : { "Additiv" : 1, "Art" : "Wurzeln" },
		"Haltbarkeit" : { "Würfel:Typ" : 3, "Würfel:Anzahl" : 1, "Additiv" : 2, "Einheit" : "Tag" },
		"Preis" : 8,
		"Anmerkungen" : "Außer in der Regenzeit (Rondra, Efferd, Tsa, Phex) Bestimmung +8"
	},
	"Hollbeere" : {
		"Bücher" : { "Zoo-Botanica Aventurica" : 240 },
		"Typ" : ["Giftpflanze", "Heilpflanze"],
		"Gebiet" : ["Albernia", "Nostria"],
		"Verbreitung" : { "Waldrand" : "häufig", "Wald" : "gelegentlich" },
		"Bestimmung" : 4,
		"Ernte" : ["Rondra", "Efferd"],
		"Grundmenge" : { "Würfel:Typ" : 6, "Würfel:Anzahl" : 2, "Art" : "Sträucher" },
		"Haltbarkeit" : { "Würfel:Typ" : 6, "Würfel:Anzahl" : 1, "Einheit" : "Tag" },
		"Preis" : 0
	},
	"Höllenkraut" : {
		"Bücher" : { "Zoo-Botanica Aventurica" : 240 },
		"Typ" : ["Nutzpflanze", "Giftpflanze"],
		"Gebiet" : ["SuedlichVonMengbilla"],
		"Verbreitung" : { "Regenwald" : "häufig", "Wald" : "selten", "Waldrand" : "sehr selten" },
		"Bestimmung" : 8,
		"Ernte" : ["Praios", "Rondra", "Efferd", "Travia", "Boron", "Hesinde", "Firun", "Tsa", "Phex", "Peraine", "Ingerimm", "Rahja", "Namenloser"],
		"Grundmenge" : { "Würfel:Typ" : 20, "Würfel:Anzahl" : 1, "Art" : "halbe Stein Ranken" },
		"Haltbarkeit" : { "Würfel:Typ" : 6, "Würfel:Anzahl" : 1, "Additiv" : 6, "Einheit" : "Monat" },
		"Preis" : 5
	},
	"Horusche" : {
		"Bücher" : { "Zoo-Botanica Aventurica" : 240 },
		"Typ" : ["Nutzpflanze", "Giftpflanze"],
		"Gebiet" : ["Suedmaraskan", "MaraskanischeInseln"],
		"Verbreitung" : { "Wald" : "selten" },
		"Bestimmung" : 7,
		"Ernte" : ["Praios", "Rondra", "Efferd", "Travia", "Boron", "Hesinde", "Firun", "Tsa", "Phex", "Peraine", "Ingerimm", "Rahja", "Namenloser"],
		"Grundmenge" : { "Würfel:Typ" : 6, "Würfel:Anzahl" : 1, "Art" : "Schoten" },
		"Haltbarkeit" : { "Würfel:Typ" : 6, "Würfel:Anzahl" : 2, "Additiv" : 2, "Einheit" : "Tag" },
		"Preis" : 10
	},
	"Ilmenblatt" : {
		"Bücher" : { "Zoo-Botanica Aventurica" : 241 },
		"Typ" : ["Nutzpflanze"],
		"Gebiet" : ["WestkuesteSuedlichVonDrol", "Altoum", "Zyklopeninseln"],
		"Verbreitung" : { "Wald" : "gelegentlich", "Grasland, Wiesen" : "gelegentlich", "Gebirge" : "sehr selten" },
		"Bestimmung" : 2,
		"Ernte" : ["Travia", "Ingerimm"],
		"Grundmenge" : { "Würfel:Typ" : 20, "Würfel:Anzahl" : 1, "Art" : "Blätter und Blüten" },
		"Haltbarkeit" : { "Würfel:Typ" : 6, "Würfel:Anzahl" : 2, "Additiv" : 24, "Einheit" : "Monat" },
		"Preis" : 20
	},
	"Iribaarslilie" : {
		"Bücher" : { "Zoo-Botanica Aventurica" : 241 },
		"Typ" : ["Übernatürliche Pflanze"],
		"Gebiet" : ["GanzAventurien"],
		"Verbreitung" : { "Sumpf und Moor" : "sehr selten" },
		"Bestimmung" : 12
	},
	"Jagdgras" : {
		"Bücher" : { "Zoo-Botanica Aventurica" : 242 },
		"Typ" : ["Gefährliche Pflanze"],
		"Gebiet" : ["Maraskan", "Aranien", "GrueneEbene"],
		"Verbreitung" : { "Gebirge" : "gelegentlich", "Steppe" : "sehr selten", "Hochland" : "sehr selten", "Wald" : "sehr selten" },
		"Bestimmung" : 15,
		"Anmerkungen" : "Wald/Gebirge nur auf Maraskan"
	},
	"Joruga" : {
		"Bücher" : { "Zoo-Botanica Aventurica" : 243 },
		"Typ" : ["Heilpflanze"],
		"Gebiet" : ["Nostria", "Andergast", "Albernia", "Nordmarken"],
		"Verbreitung" : { "Wald" : "gelegentlich", "Grasland, Wiesen" : "selten" },
		"Bestimmung" : 7,
		"Ernte" : ["Praios", "Rondra", "Efferd", "Travia", "Boron", "Rahja", "Namenloser"],
		"Grundmenge" : { "Additiv" : 1, "Art" : "Wurzeln" },
		"Haltbarkeit" : { "Würfel:Typ" : 3, "Würfel:Anzahl" : 1, "Additiv" : 2, "Einheit" : "Tag" },
		"Preis" : 8
	},
	"Kairan" : {
		"Bücher" : { "Zoo-Botanica Aventurica" : 243 },
		"Typ" : ["Nutzpflanze"],
		"Gebiet" : ["Neunaugensee", "Einsiedlersee"],
		"Verbreitung" : { "Fluss- und Seeufer, Teiche" : "selten" },
		"Bestimmung" : 6,
		"Ernte" : ["Praios", "Rondra", "Efferd", "Travia", "Boron", "Hesinde", "Firun", "Tsa", "Phex", "Peraine", "Ingerimm", "Rahja", "Namenloser"],
		"Grundmenge" : { "Additiv" : 1, "Art" : "Halme" },
		"Haltbarkeit" : { "Würfel:Typ" : 3, "Würfel:Anzahl" : 1, "Additiv" : 3, "Einheit" : "Woche" },
		"Preis" : 15,
		"Anmerkungen" : "Auch an anderen von Sphärenkraft durchdrungenen Gewässern"
	},
	"Kajubo" : {
		"Bücher" : { "Zoo-Botanica Aventurica" : 244 },
		"Typ" : ["Nutzpflanze"],
		"Gebiet" : ["Altoum", "Souram", "Nikkali"],
		"Verbreitung" : { "Waldrand" : "selten", "Küste, Strand" : "selten" },
		"Bestimmung" : 4,
		"Ernte" : ["Praios", "Rondra", "Efferd", "Travia", "Phex", "Peraine", "Ingerimm", "Rahja", "Namenloser"],
		"Grundmenge" : { "Würfel:Typ" : 6, "Würfel:Anzahl" : 2, "Art" : "Knospen" },
		"Haltbarkeit" : { "Würfel:Typ" : 6, "Würfel:Anzahl" : 1, "Additiv" : 10, "Einheit" : "Tag" },
		"Preis" : 2
	},
	"Khômknolle" : {
		"Bücher" : { "Zoo-Botanica Aventurica" : 244 },
		"Typ" : ["Nutzpflanze"],
		"Gebiet" : ["OestlicheKhom", "Gorien", "Mhanadistan"],
		"Verbreitung" : { "Steppe" : "selten", "Wüste und Wüstenrand" : "sehr selten" },
		"Bestimmung" : 5,
		"Ernte" : ["Praios", "Rondra", "Efferd", "Travia", "Boron", "Hesinde", "Firun", "Tsa", "Phex", "Peraine", "Ingerimm", "Rahja", "Namenloser"],
		"Grundmenge" : { "Würfel:Typ" : 6, "Würfel:Anzahl" : 1, "Art" : "Maß Wasser" },
		"Haltbarkeit" : { "Additiv" : 1, "Einheit" : "Monat" },
		"Preis" : 0,
		"Anmerkungen" : "Außerhalb Praios/Rondra/Efferd ohne Blättern Bestimmung +12"
	},
	"Klippenzahn" : {
		"Bücher" : { "Zoo-Botanica Aventurica" : 245 },
		"Typ" : ["Heilpflanze"],
		"Gebiet" : ["Orkland", "Gjalskerland", "Thorwal"],
		"Verbreitung" : { "Gebirge" : "gelegentlich", "Hochland" : "gelegentlich" },
		"Bestimmung" : 8,
		"Ernte" : ["Praios", "Rondra", "Peraine", "Ingerimm", "Rahja", "Namenloser"],
		"Grundmenge" : { "Würfel:Typ" : 6, "Würfel:Anzahl" : 2, "Art" : "Stängel" },
		"Haltbarkeit" : { "Würfel:Typ" : 3, "Würfel:Anzahl" : 1, "Additiv" : 2, "Einheit" : "Tag" },
		"Preis" : 0.5
	},
	"Kukuja" : {
		"Bücher" : { "Zoo-Botanica Aventurica" : 245 },
		"Typ" : ["Nutzpflanze", "Giftpflanze"],
		"Gebiet" : ["WestlichesRegengebirge"],
		"Verbreitung" : { "Regenwald" : "selten" },
		"Bestimmung" : 10,
		"Ernte" : ["Praios", "Rondra", "Efferd", "Travia", "Boron", "Hesinde", "Firun", "Tsa", "Phex", "Peraine", "Ingerimm", "Rahja", "Namenloser"],
		"Grundmenge" : { "Würfel:Typ" : 3, "Würfel:Anzahl" : 1, "Multiplikativ" : 20, "Art" : "Blätter" },
		"Haltbarkeit" : { "Würfel:Typ" : 6, "Würfel:Anzahl" : 1, "Additiv" : 1, "Einheit" : "Tag" },
		"Preis" : 50
	},
	"Färberlotos" : {
		"Bücher" : { "Zoo-Botanica Aventurica" : 246 },
		"Typ" : ["Nutzpflanze"],
		"Gebiet" : ["SuedlichHavenaPerricum"],
		"Verbreitung" : { "Fluss- und Seeufer, Teiche" : "gelegentlich" },
		"Bestimmung" : 5,
		"Ernte" : ["Praios", "Ingerimm", "Rahja", "Namenloser"],
		"Grundmenge" : { "Würfel:Typ" : 6, "Würfel:Anzahl" : 2, "Additiv" : 1, "Art" : "Blüten" },
		"Haltbarkeit" : { "Würfel:Typ" : 3, "Würfel:Anzahl" : 1, "Additiv" : 6, "Einheit" : "Monat" },
		"Preis" : 1,
		"Anmerkungen" : "Bestimmung einzelner Arten +9, Preis bis 5S nach Farbe"
	},
	"Purpurner Lotos" : {
		"Bücher" : { "Zoo-Botanica Aventurica" : 246 },
		"Typ" : ["Giftpflanze"],
		"Gebiet" : ["SuedlichHavenaPerricum"],
		"Verbreitung" : { "Fluss- und Seeufer, Teiche" : "selten" },
		"Bestimmung" : 7,
		"Ernte" : ["Praios", "Ingerimm", "Rahja", "Namenloser"],
		"Grundmenge" : { "Würfel:Typ" : 6, "Würfel:Anzahl" : 1, "Additiv" : 1, "Art" : "Blüten" },
		"Haltbarkeit" : { "Würfel:Typ" : 3, "Würfel:Anzahl" : 1, "Additiv" : 6, "Einheit" : "Monat" },
		"Preis" : 1,
		"Anmerkungen" : "Bestimmung einzelner Arten +9, Preis bis 5S nach Farbe"
	},
	"Schwarzer Lotos" : {
		"Bücher" : { "Zoo-Botanica Aventurica" : 246 },
		"Typ" : ["Giftpflanze"],
		"Gebiet" : ["SuedlichHavenaPerricum"],
		"Verbreitung" : { "Fluss- und Seeufer, Teiche" : "sehr selten" },
		"Bestimmung" : 6,
		"Ernte" : ["Praios", "Ingerimm", "Rahja", "Namenloser"],
		"Grundmenge" : { "Würfel:Typ" : 6, "Würfel:Anzahl" : 1, "Art" : "Blüten" },
		"Haltbarkeit" : { "Würfel:Typ" : 6, "Würfel:Anzahl" : 1, "Additiv" : 2, "Einheit" : "Tag" },
		"Preis" : 100
	},
	"Grauer Lotos" : {
		"Bücher" : { "Zoo-Botanica Aventurica" : 246 },
		"Typ" : ["Übernatürliche Pflanze"],
		"Gebiet" : ["SuedlichHavenaPerricum"],
		"Verbreitung" : { "Fluss- und Seeufer, Teiche" : "selten" },
		"Bestimmung" : 8,
		"Ernte" : ["Praios", "Rondra", "Efferd", "Travia", "Boron", "Phex", "Peraine", "Ingerimm", "Rahja", "Namenloser"],
		"Grundmenge" : { "Würfel:Typ" : 6, "Würfel:Anzahl" : 1, "Additiv" : 1, "Art" : "Blüten" },
		"Haltbarkeit" : { "Würfel:Typ" : 6, "Würfel:Anzahl" : 1, "Einheit" : "Woche" },
		"Preis" : 5
	},
	"Weißer Lotos" : {
		"Bücher" : { "Zoo-Botanica Aventurica" : 247 },
		"Typ" : ["Giftpflanze"],
		"Gebiet" : ["SuedlichHavenaPerricum"],
		"Verbreitung" : { "Fluss- und Seeufer, Teiche" : "selten", "Sumpf und Moor" : "sehr selten" },
		"Bestimmung" : 10,
		"Ernte" : ["Praios", "Ingerimm", "Rahja", "Namenloser"],
		"Grundmenge" : { "Würfel:Typ" : 6, "Würfel:Anzahl" : 1, "Additiv" : 1, "Art" : "Blüten" },
		"Haltbarkeit" : { "Würfel:Typ" : 6, "Würfel:Anzahl" : 1, "Additiv" : 2, "Einheit" : "Tag" },
		"Preis" : 12
	},
	"Weißgelber Lotos" : {
		"Bücher" : { "Zoo-Botanica Aventurica" : 247 },
		"Typ" : ["Nutzpflanze"],
		"Gebiet" : ["SuedlichHavenaPerricum"],
		"Verbreitung" : { "Fluss- und Seeufer, Teiche" : "gelegentlich" },
		"Bestimmung" : 5,
		"Ernte" : ["Praios", "Ingerimm", "Rahja", "Namenloser"],
		"Grundmenge" : { "Würfel:Typ" : 3, "Würfel:Anzahl" : 1, "Art" : "Blüten" },
		"Haltbarkeit" : { "Würfel:Typ" : 3, "Würfel:Anzahl" : 1, "Additiv" : 6, "Einheit" : "Monat" },
		"Preis" : 50,
		"Anmerkungen" : "Nur alchimistisch von Weißem Lotos (Bestimmung +10) unterscheidbar"
	},
	"Lulanie" : {
		"Bücher" : { "Zoo-Botanica Aventurica" : 247 },
		"Typ" : ["Heilpflanze"],
		"Gebiet" : ["TrallopPunin"],
		"Verbreitung" : { "Wald" : "selten", "Waldrand" : "sehr selten" },
		"Bestimmung" : 5,
		"Ernte" : ["Praios", "Rondra", "Rahja", "Namenloser"],
		"Grundmenge" : { "Additiv" : 1, "Art" : "Blüten" },
		"Haltbarkeit" : { "Würfel:Typ" : 3, "Würfel:Anzahl" : 1, "Additiv" : 5, "Einheit" : "Tag" },
		"Preis" : 12
	},
	"Madablüte" : {
		"Bücher" : { "Zoo-Botanica Aventurica" : 248 },
		"Typ" : ["Übernatürliche Pflanze"],
		"Gebiet" : ["Nordaventurien"],
		"Verbreitung" : { "Steppe" : "sehr selten", "Gebirge" : "sehr selten" },
		"Bestimmung" : 5,
		"Ernte" : ["Praios", "Rondra", "Efferd", "Travia", "Boron", "Hesinde", "Firun", "Tsa", "Phex", "Peraine", "Ingerimm", "Rahja", "Namenloser"],
		"Grundmenge" : { "Additiv" : 1, "Art" : "Blüten" },
		"Haltbarkeit" : { "Additiv" : 0.5, "Einheit" : "Tag" },
		"Preis" : 0,
		"Anmerkungen" : "Ernte nur in den Nächten vor, während und nach dem Vollmond, haltbar nur im Mondlicht"
	},
	"Malomis" : {
		"Bücher" : { "Zoo-Botanica Aventurica" : 248 },
		"Typ" : ["Übernatürliche Pflanze"],
		"Gebiet" : [],
		"Verbreitung" : {},
		"Bestimmung" : 10,
		"Ernte" : ["Rondra"],
		"Grundmenge" : { "Additiv" : 1, "Art" : "Blüten" },
		"Haltbarkeit" : { "Würfel:Typ" : 3, "Würfel:Anzahl" : 1, "Einheit" : "Tag" },
		"Preis" : 300,
		"Anmerkungen" : "keine natürlichen Vorkommen, nur Züchtungen in Gärten"
	},
	"Menchal-Kaktus" : {
		"Bücher" : { "Zoo-Botanica Aventurica" : 249 },
		"Typ" : ["Nutzpflanze"],
		"Gebiet" : ["Khom", "Gorien"],
		"Verbreitung" : { "Wüste und Wüstenrand" : "sehr selten", "Hochland" : "sehr selten" },
		"Bestimmung" : 4,
		"Ernte" : ["Praios", "Rondra", "Efferd", "Travia", "Boron", "Hesinde", "Firun", "Tsa", "Phex", "Peraine", "Ingerimm", "Rahja", "Namenloser"],
		"Grundmenge" : { "Additiv" : 1, "Art" : "Kakteen" },
		"Haltbarkeit" : { "Würfel:Typ" : 3, "Würfel:Anzahl" : 1, "Additiv" : 5, "Einheit" : "Woche" },
		"Preis" : 180
	},
	"Merach-Strauch" : {
		"Bücher" : { "Zoo-Botanica Aventurica" : 250 },
		"Typ" : ["Nutzpflanze", "Giftpflanze"],
		"Gebiet" : ["Mhanadistan", "Balash", "Thalusien", "UnauerBerge", "Regengebirge"],
		"Verbreitung" : { "Regenwald" : "selten", "Wald" : "sehr selten" },
		"Bestimmung" : 2,
		"Ernte" : ["Efferd", "Travia"],
		"Grundmenge" : { "Würfel:Typ" : 20, "Würfel:Anzahl" : 2, "Art" : "Früchte" },
		"Haltbarkeit" : { "Würfel:Typ" : 6, "Würfel:Anzahl" : 1, "Additiv" : 7, "Einheit" : "Tag" },
		"Preis" : 0.1
	},
	"Messergras" : {
		"Bücher" : { "Zoo-Botanica Aventurica" : 250 },
		"Typ" : ["Nutzpflanze", "Gefährliche Pflanze"],
		"Gebiet" : ["RivaMengbilla"],
		"Verbreitung" : { "Steppe" : "selten", "Hochland" : "sehr selten", "Wüste und Wüstenrand" : "sehr selten" },
		"Bestimmung" : 6
	},
	"Mibelrohr" : {
		"Bücher" : { "Zoo-Botanica Aventurica" : 251 },
		"Typ" : ["Nutzpflanze"],
		"Gebiet" : ["WestkuesteSalzaMengbilla"],
		"Verbreitung" : { "Fluss- und Seeufer, Teiche" : "gelegentlich", "Flussauen" : "selten", "Sumpf und Moor" : "sehr selten" },
		"Bestimmung" : 10,
		"Ernte" : ["Praios", "Rondra", "Efferd", "Travia", "Boron", "Hesinde", "Tsa", "Phex", "Peraine", "Ingerimm", "Rahja", "Namenloser"],
		"Grundmenge" : { "Würfel:Typ" : 6, "Würfel:Anzahl" : 2, "Art" : "Kolben" },
		"Haltbarkeit" : { "Würfel:Typ" : 6, "Würfel:Anzahl" : 1, "Einheit" : "Tag" },
		"Preis" : 5,
		"Anmerkungen" : "Im Norden Ernte nur Ingerimm bis Efferd"
	},
	"Mirbelstein" : {
		"Bücher" : { "Zoo-Botanica Aventurica" : 251 },
		"Typ" : ["Nutzpflanze"],
		"Gebiet" : ["Garetien", "Darpatien", "Warunkei"],
		"Verbreitung" : { "Wald" : "häufig", "Grasland, Wiesen" : "gelegentlich", "Hochland" : "selten" },
		"Bestimmung" : 8,
		"Ernte" : ["Praios", "Rondra", "Efferd", "Travia", "Boron", "Peraine", "Ingerimm", "Rahja", "Namenloser"],
		"Grundmenge" : { "Additiv" : 1, "Art" : "Knollen" },
		"Haltbarkeit" : { "Würfel:Typ" : 3, "Würfel:Anzahl" : 1, "Additiv" : 4, "Einheit" : "Woche" },
		"Preis" : 1
	},
	"Mirhamer Seidenliane" : {
		"Bücher" : { "Zoo-Botanica Aventurica" : 251 },
		"Typ" : ["Nutzpflanze"],
		"Gebiet" : ["WestkuesteMengbillaBrabak", "BrabakMirham"],
		"Verbreitung" : { "Regenwald" : "selten", "Gebirge" : "sehr selten", "Fluss- und Seeufer, Teiche" : "sehr selten" },
		"Bestimmung" : 4,
		"Ernte" : ["Praios", "Rondra", "Efferd", "Travia", "Boron", "Tsa", "Phex", "Peraine", "Ingerimm", "Rahja", "Namenloser"],
		"Grundmenge" : { "Additiv" : 1, "Art" : "Ranken" },
		"Haltbarkeit" : { "Permanent" : true },
		"Preis" : 60,
		"Anmerkungen" : "2 bis 3 Knoten pro Ranke nur von Tsa bis Ingerimm giftig nutzbar"
	},
	"Bleichmohn" : {
		"Bücher" : { "Zoo-Botanica Aventurica" : 252 },
		"Typ" : ["Nutzpflanze"],
		"Gebiet" : ["GanzAventurien"],
		"Verbreitung" : { "Gebirge" : "selten" },
		"Bestimmung" : 5,
		"Ernte" : ["Rondra"],
		"Grundmenge" : { "Würfel:Typ" : 6, "Würfel:Anzahl" : 1, "Art" : "Samenkapseln" },
		"Haltbarkeit" : { "Würfel:Typ" : 6, "Würfel:Anzahl" : 2, "Additiv" : 18, "Einheit" : "Monat" },
		"Preis" : 70
	},
	"Bunter Mohn" : {
		"Bücher" : { "Zoo-Botanica Aventurica" : 252 },
		"Typ" : ["Nutzpflanze"],
		"Gebiet" : ["Nordaventurien", "Mittelaventurien"],
		"Verbreitung" : { "Grasland, Wiesen" : "häufig", "Fluss- und Seeufer, Teiche" : "gelegentlich", "Waldrand" : "selten" },
		"Bestimmung" : -5,
		"Ernte" : ["Travia"],
		"Grundmenge" : { "Additiv" : 1, "Art" : "Samenkapseln" },
		"Haltbarkeit" : { "Würfel:Typ" : 6, "Würfel:Anzahl" : 1, "Additiv" : 9, "Einheit" : "Monat" },
		"Preis" : 0.05
	},
	"Grauer Mohn" : {
		"Bücher" : { "Zoo-Botanica Aventurica" : 253 },
		"Typ" : ["Giftpflanze", "Nutzpflanze"],
		"Gebiet" : ["GanzAventurien"],
		"Verbreitung" : { "Gebirge" : "sehr selten" },
		"Bestimmung" : 1,
		"Ernte" : ["Praios", "Rondra", "Efferd", "Travia", "Boron", "Hesinde", "Firun", "Tsa", "Phex", "Peraine", "Ingerimm", "Rahja", "Namenloser"],
		"Grundmenge" : { "Additiv" : 1, "Art" : "Blüten" },
		"Haltbarkeit" : { "Würfel:Typ" : 6, "Würfel:Anzahl" : 1, "Additiv" : 12, "Einheit" : "Woche" },
		"Preis" : 50,
		"Anmerkungen" : "Im Rondra auch eine Samenkapsel (8D, W6+18 Monate haltbar)"
	},
	"Purpurmohn" : {
		"Bücher" : { "Zoo-Botanica Aventurica" : 253 },
		"Typ" : ["Übernatürliche Pflanze"],
		"Gebiet" : ["Suedaventurien", "Almada", "Raschtulswall"],
		"Verbreitung" : { "Grasland, Wiesen" : "selten", "Wald" : "sehr selten", "Flussauen" : "sehr selten" },
		"Bestimmung" : 3,
		"Ernte" : ["Rahja"],
		"Grundmenge" : { "Additiv" : 1, "Art" : "Samenkapseln" },
		"Haltbarkeit" : { "Additiv" : 13, "Einheit" : "Monat" },
		"Preis" : 50,
		"Anmerkungen" : "Nur Ende Rahja, im Wald nur auf Lichtungen"
	},
	"Schwarzer Mohn" : {
		"Bücher" : { "Zoo-Botanica Aventurica" : 253 },
		"Typ" : ["Nutzpflanze"],
		"Gebiet" : ["Pailos"],
		"Verbreitung" : {},
		"Bestimmung" : 5,
		"Ernte" : ["Efferd", "Travia", "Boron"],
		"Grundmenge" : { "Additiv" : 1, "Art" : "Samenkapseln" },
		"Haltbarkeit" : { "Würfel:Typ" : 6, "Würfel:Anzahl" : 2, "Additiv" : 9, "Einheit" : "Monat" },
		"Preis" : 10,
		"Anmerkungen" : "Nur in Ruinenstadt Palakar, dort sehr häufig, Samenkapseln nur im Boron"
	},
	"Tigermohn" : {
		"Bücher" : { "Zoo-Botanica Aventurica" : 254 },
		"Typ" : ["Nutzpflanze"],
		"Gebiet" : ["Nordaventurien", "Mittelaventurien"],
		"Verbreitung" : { "Grasland, Wiesen" : "selten", "Flussauen" : "selten", "Waldrand" : "selten" },
		"Bestimmung" : 10,
		"Ernte" : ["Travia"],
		"Grundmenge" : { "Additiv" : 1, "Art" : "Samenkapseln" },
		"Haltbarkeit" : { "Würfel:Typ" : 6, "Würfel:Anzahl" : 1, "Additiv" : 9, "Einheit" : "Monat" },
		"Preis" : 10
	},
	"Morgendornstrauch" : {
		"Bücher" : { "Zoo-Botanica Aventurica" : 254 },
		"Typ" : ["Gefährliche Pflanze"],
		"Gebiet" : ["LettaTobimora"],
		"Verbreitung" : { "Sumpf und Moor" : "selten" },
		"Bestimmung" : 13
	},
	"Naftanstaude" : {
		"Bücher" : { "Zoo-Botanica Aventurica" : 255 },
		"Typ" : ["Giftpflanze"],
		"Gebiet" : ["SuedlichVonRiva"],
		"Verbreitung" : { "Grasland, Wiesen" : "selten", "Steppe" : "sehr selten", "Waldrand" : "sehr selten" },
		"Bestimmung" : 1,
		"Ernte" : ["Praios", "Rondra", "Efferd", "Travia", "Boron", "Hesinde", "Firun", "Tsa", "Phex", "Peraine", "Ingerimm", "Rahja", "Namenloser"],
		"Grundmenge" : { "Additiv" : 1, "Art" : "Staude" },
		"Haltbarkeit" : { "Würfel:Typ" : 6, "Würfel:Anzahl" : 1, "Additiv" : 4, "Einheit" : "Woche" },
		"Preis" : 80,
		"Anmerkungen" : "Im Norden nur Ingerimm bis Rondra"
	},
	"Neckerkraut" : {
		"Bücher" : { "Zoo-Botanica Aventurica" : 255 },
		"Typ" : ["Giftpflanze"],
		"Gebiet" : ["Westkueste"],
		"Verbreitung" : { "Küste, Strand" : "gelegentlich", "Grasland, Wiesen" : "selten" },
		"Bestimmung" : 4,
		"Ernte" : ["Praios", "Rondra", "Efferd", "Travia", "Boron", "Hesinde", "Firun", "Tsa", "Phex", "Peraine", "Ingerimm", "Rahja", "Namenloser"],
		"Grundmenge" : { "Würfel:Typ" : 20, "Würfel:Anzahl" : 1, "Additiv" : 5, "Art" : "Blätter" },
		"Haltbarkeit" : { "Würfel:Typ" : 3, "Würfel:Anzahl" : 1, "Additiv" : 3, "Einheit" : "Woche" },
		"Preis" : 0.5
	},
	"Nothilf" : {
		"Bücher" : { "Zoo-Botanica Aventurica" : 256 },
		"Typ" : ["Heilpflanze"],
		"Gebiet" : ["Salamandersteine"],
		"Verbreitung" : { "Wald" : "selten", "Gebirge" : "selten" },
		"Bestimmung" : 6,
		"Ernte" : ["Praios", "Peraine"],
		"Grundmenge" : { "Würfel:Typ" : 20, "Würfel:Anzahl" : 1, "Additiv" : 2, "Art" : "Blüten" },
		"Haltbarkeit" : { "Würfel:Typ" : 3, "Würfel:Anzahl" : 1, "Additiv" : 3, "Einheit" : "Tag" },
		"Preis" : 30,
		"Anmerkungen" : "Im Peraine stattdessen 2W20+10 Blätter (4D/3 Blätter)"
	},
	"Olginwurz" : {
		"Bücher" : { "Zoo-Botanica Aventurica" : 256 },
		"Typ" : ["Heilpflanze"],
		"Gebiet" : ["Raschtulswall"],
		"Verbreitung" : { "Hochland" : "selten", "Gebirge" : "selten", "Wald" : "selten" },
		"Bestimmung" : 10,
		"Ernte" : ["Praios", "Rondra", "Efferd", "Travia", "Boron", "Hesinde", "Firun", "Tsa", "Phex", "Peraine", "Ingerimm", "Rahja", "Namenloser"],
		"Grundmenge" : { "Würfel:Typ" : 3, "Würfel:Anzahl" : 1, "Art" : "Moosballen" },
		"Haltbarkeit" : { "Würfel:Typ" : 6, "Würfel:Anzahl" : 2, "Additiv" : 12, "Einheit" : "Stunde" },
		"Preis" : 30
	},
	"Orazal" : {
		"Bücher" : { "Zoo-Botanica Aventurica" : 257 },
		"Typ" : ["Nutzpflanze"],
		"Gebiet" : ["SuedlichVonMengbilla"],
		"Verbreitung" : { "Regenwald" : "selten", "Wald" : "sehr selten" },
		"Bestimmung" : 4,
		"Ernte" : ["Praios", "Rondra", "Efferd", "Travia", "Boron", "Hesinde", "Firun", "Tsa", "Phex", "Peraine", "Ingerimm", "Rahja", "Namenloser"],
		"Grundmenge" : { "Würfel:Typ" : 6, "Würfel:Anzahl" : 1, "Art" : "Stängel" },
		"Haltbarkeit" : { "Additiv" : 2, "Einheit" : "Jahr" },
		"Preis" : 12
	},
	"Orklandbovist" : {
		"Bücher" : { "Zoo-Botanica Aventurica" : 258 },
		"Typ" : ["Gefährliche Pflanze"],
		"Gebiet" : ["Orkland", "Svellttal", "Andergast"],
		"Verbreitung" : { "Hochland" : "selten", "Wald" : "sehr selten", "Steppe" : "sehr selten" },
		"Bestimmung" : 4
	},
	"Pestsporenpilz" : {
		"Bücher" : { "Zoo-Botanica Aventurica" : 258 },
		"Typ" : ["Giftpflanze", "Nutzpflanze"],
		"Gebiet" : ["NoerdlichNostriaVallusa"],
		"Verbreitung" : { "Sumpf und Moor" : "selten", "Grasland, Wiesen" : "selten", "Wald" : "sehr selten" },
		"Bestimmung" : 6,
		"Ernte" : ["Efferd", "Travia", "Boron", "Peraine", "Ingerimm", "Rahja"],
		"Grundmenge" : { "Additiv" : 1, "Art" : "Pilzhäute" },
		"Haltbarkeit" : { "Würfel:Typ" : 6, "Würfel:Anzahl" : 1, "Einheit" : "Tag" },
		"Preis" : 2
	},
	"Phosphorpilz" : {
		"Bücher" : { "Zoo-Botanica Aventurica" : 258 },
		"Typ" : ["Nutzpflanze"],
		"Gebiet" : ["Orkland", "Finsterkamm"],
		"Verbreitung" : {},
		"Bestimmung" : -3,
		"Ernte" : ["Praios", "Rondra", "Efferd", "Travia", "Boron", "Hesinde", "Firun", "Tsa", "Phex", "Peraine", "Ingerimm", "Rahja", "Namenloser"],
		"Grundmenge" : { "Würfel:Typ" : 6, "Würfel:Anzahl" : 1, "Art" : "Stein" },
		"Haltbarkeit" : { "Würfel:Typ" : 6, "Würfel:Anzahl" : 1, "Einheit" : "Spielrunde" },
		"Preis" : 0.4,
		"Anmerkungen" : "Gelegentlich in feuchten Höhlen, selten in trockenen Höhlen"
	},
	"Quasselwurz" : {
		"Bücher" : { "Zoo-Botanica Aventurica" : 259 },
		"Typ" : ["Nutzpflanze"],
		"Gebiet" : ["SalamandersteineOngalo"],
		"Verbreitung" : { "Wald" : "selten" },
		"Bestimmung" : 12,
		"Ernte" : ["Praios", "Rondra", "Efferd", "Travia", "Phex", "Peraine", "Ingerimm", "Rahja", "Namenloser"],
		"Grundmenge" : { "Additiv" : 1, "Art" : "Wurzeln" },
		"Haltbarkeit" : { "Würfel:Typ" : 3, "Würfel:Anzahl" : 1, "Additiv" : 3, "Einheit" : "Tag" },
		"Preis" : 3
	},
	"Quinja" : {
		"Bücher" : { "Zoo-Botanica Aventurica" : 259 },
		"Typ" : ["Nutzpflanze"],
		"Gebiet" : ["MeridianischeHalbinsel", "Waldinseln"],
		"Verbreitung" : { "Regenwald" : "häufig", "Wald" : "gelegentlich", "Waldrand" : "selten" },
		"Bestimmung" : 6,
		"Ernte" : ["Praios", "Rondra", "Efferd", "Travia", "Ingerimm", "Rahja", "Namenloser"],
		"Grundmenge" : { "Würfel:Typ" : 3, "Würfel:Anzahl" : 1, "Additiv" : 2, "Art" : "Beeren" },
		"Haltbarkeit" : { "Würfel:Typ" : 6, "Würfel:Anzahl" : 1, "Additiv" : 12, "Einheit" : "Stunde" },
		"Preis" : 1
	},
	"Rahjalieb" : {
		"Bücher" : { "Zoo-Botanica Aventurica" : 260 },
		"Typ" : ["Nutzpflanze"],
		"Gebiet" : ["SuedlichVonFestum"],
		"Verbreitung" : { "Regenwald" : "häufig", "Wald" : "gelegentlich", "Grasland, Wiesen" : "gelegentlich", "Sumpf und Moor" : "gelegentlich" },
		"Bestimmung" : 5,
		"Ernte" : ["Praios", "Rondra", "Efferd", "Travia", "Boron", "Hesinde", "Firun", "Phex", "Peraine", "Ingerimm", "Rahja", "Namenloser"],
		"Grundmenge" : { "Würfel:Typ" : 6, "Würfel:Anzahl" : 2, "Art" : "Blätter" },
		"Haltbarkeit" : { "Additiv" : 3, "Einheit" : "Tag" },
		"Preis" : 1
	},
	"Rattenpilz" : {
		"Bücher" : { "Zoo-Botanica Aventurica" : 260 },
		"Typ" : ["Übernatürliche Pflanze"],
		"Gebiet" : ["GanzAventurien"],
		"Verbreitung" : { "Gebirge" : "sehr selten", "Hochland" : "sehr selten", "Steppe" : "sehr selten", "Grasland, Wiesen" : "sehr selten", "Fluss- und Seeufer, Teiche" : "sehr selten", "Küste, Strand" : "sehr selten", "Flussauen" : "sehr selten", "Sumpf und Moor" : "sehr selten", "Regenwald" : "sehr selten", "Wald" : "sehr selten", "Waldrand" : "sehr selten" },
		"Bestimmung" : 7,
		"Ernte" : ["Praios", "Rondra", "Efferd", "Travia", "Boron", "Phex", "Peraine", "Ingerimm", "Rahja", "Namenloser"],
		"Grundmenge" : { "Additiv" : 1, "Art" : "Pilze" },
		"Haltbarkeit" : { "Würfel:Typ" : 6, "Würfel:Anzahl" : 1, "Additiv" : 48, "Einheit" : "Stunde" },
		"Anmerkungen" : "Nicht in Hochgebirge, häufig an Stätten Namenloser Macht"
	},
	"Rauschgurke" : {
		"Bücher" : { "Zoo-Botanica Aventurica" : 261 },
		"Typ" : ["Nutzpflanze"],
		"Gebiet" : ["Maraskan", "Khunchom"],
		"Verbreitung" : { "Wald" : "gelegentlich", "Waldrand" : "selten" },
		"Bestimmung" : 3,
		"Ernte" : ["Praios", "Rondra", "Efferd", "Travia", "Boron", "Tsa", "Phex", "Peraine", "Ingerimm", "Rahja", "Namenloser"],
		"Grundmenge" : { "Würfel:Typ" : 6, "Würfel:Anzahl" : 3, "Art" : "Gurken" },
		"Haltbarkeit" : { "Würfel:Typ" : 3, "Würfel:Anzahl" : 1, "Additiv" : 3, "Einheit" : "Woche" },
		"Preis" : 0.5
	},
	"Rote Pfeilblüte" : {
		"Bücher" : { "Zoo-Botanica Aventurica" : 261 },
		"Typ" : ["Heilpflanze"],
		"Gebiet" : ["SuedlichNeethaThalusa"],
		"Verbreitung" : { "Sumpf und Moor" : "gelegentlich", "Regenwald" : "gelegentlich", "Wald" : "sehr selten" },
		"Bestimmung" : 7,
		"Ernte" : ["Peraine", "Ingerimm", "Rahja"],
		"Grundmenge" : { "Würfel:Typ" : 6, "Würfel:Anzahl" : 1, "Art" : "Blüten" },
		"Haltbarkeit" : { "Würfel:Typ" : 6, "Würfel:Anzahl" : 1, "Einheit" : "Stunde" },
		"Preis" : 1,
		"Anmerkungen" : "Sumpf: Nur Küstensümpfe"
	},
	"Roter Drachenschlund" : {
		"Bücher" : { "Zoo-Botanica Aventurica" : 262 },
		"Typ" : ["Heilpflanze"],
		"Gebiet" : ["NoerdlichDrolThalusa"],
		"Verbreitung" : { "Waldrand" : "sehr selten", "Fluss- und Seeufer, Teiche" : "sehr selten" },
		"Bestimmung" : 3,
		"Ernte" : ["Praios", "Rondra", "Efferd", "Travia", "Boron", "Hesinde", "Firun", "Tsa", "Phex", "Peraine", "Ingerimm", "Rahja", "Namenloser"],
		"Grundmenge" : { "Würfel:Typ" : 6, "Würfel:Anzahl" : 1, "Art" : "Blätter" },
		"Haltbarkeit" : { "Würfel:Typ" : 3, "Würfel:Anzahl" : 1, "Additiv" : 6, "Einheit" : "Tag" },
		"Preis" : 20,
		"Anmerkungen" : "Außerhalb der Blütezeit (Ingerimm/Rahja) Bestimmung +10"
	},
	"Sansaro" : {
		"Bücher" : { "Zoo-Botanica Aventurica" : 262 },
		"Typ" : ["Nutzpflanze"],
		"Gebiet" : ["PerlenmeerSelemCharypso"],
		"Verbreitung" : { "Küste, Strand" : "häufig" },
		"Bestimmung" : 12,
		"Ernte" : ["Praios", "Rondra", "Efferd", "Travia", "Boron", "Hesinde", "Firun", "Tsa", "Phex", "Peraine", "Ingerimm", "Rahja", "Namenloser"],
		"Grundmenge" : { "Additiv" : 0.5, "Art" : "Stein" },
		"Haltbarkeit" : { "Würfel:Typ" : 6, "Würfel:Anzahl" : 1, "Additiv" : 24, "Einheit" : "Stunde" },
		"Preis" : 0.5,
		"Anmerkungen" : "Im Winter selten; auf offenem Meer selten und nicht im Winter"
	},
	"Satuariensbusch" : {
		"Bücher" : { "Zoo-Botanica Aventurica" : 263 },
		"Typ" : ["Heilpflanze", "Übernatürliche Pflanze"],
		"Gebiet" : ["SuedlichDerGelbenSichel"],
		"Verbreitung" : { "Waldrand" : "gelegentlich", "Wald" : "gelegentlich" },
		"Bestimmung" : -2,
		"Ernte" : ["Praios", "Efferd", "Travia", "Phex", "Peraine", "Ingerimm", "Rahja", "Namenloser"],
		"Grundmenge" : { "Würfel:Typ" : 3, "Würfel:Anzahl" : 1, "Art" : "Flux Saft" },
		"Haltbarkeit" : { "Würfel:Typ" : 3, "Würfel:Anzahl" : 1, "Additiv" : 6, "Einheit" : "Tag" },
		"Preis" : 0.17,
		"Anmerkungen" : "nur lichte Laubwälder; je Monat andere Pflanzenteile"
	},
	"Schlangenzünglein" : {
		"Bücher" : { "Zoo-Botanica Aventurica" : 263 },
		"Typ" : ["Nutzpflanze"],
		"Gebiet" : ["Maraskan", "GolfVonPerricum", "Mhanadi"],
		"Verbreitung" : { "Fluss- und Seeufer, Teiche" : "selten", "Sumpf und Moor" : "selten", "Regenwald" : "sehr selten" },
		"Bestimmung" : 3,
		"Ernte" : ["Praios", "Rondra", "Efferd", "Travia", "Boron", "Hesinde", "Firun", "Tsa", "Phex", "Peraine", "Ingerimm", "Rahja", "Namenloser"],
		"Grundmenge" : { "Additiv" : 1, "Art" : "Saft von Pflanzen" },
		"Haltbarkeit" : { "Würfel:Typ" : 3, "Würfel:Anzahl" : 1, "Additiv" : 6, "Einheit" : "Tag" },
		"Preis" : 20
	},
	"Schleichender Tod" : {
		"Bücher" : { "Zoo-Botanica Aventurica" : 264 },
		"Typ" : ["Nutzpflanze"],
		"Gebiet" : ["MeridianischeHalbinsel", "Waldinseln"],
		"Verbreitung" : { "Fluss- und Seeufer, Teiche" : "sehr selten", "Waldrand" : "sehr selten" },
		"Bestimmung" : 6,
		"Ernte" :  ["Ingerimm", "Rahja"],
		"Grundmenge" : { "Würfel:Typ" : 6, "Würfel:Anzahl" : 1, "Art" : "Blüten" },
		"Haltbarkeit" : { "Würfel:Typ" : 6, "Würfel:Anzahl" : 1, "Einheit" : "Tag" },
		"Preis" : 15
	},
	"Schleimiger Sumpfknöterich" : {
		"Bücher" : { "Zoo-Botanica Aventurica" : 264 },
		"Typ" : ["Giftpflanze"],
		"Gebiet" : ["Bornland", "NoerdlichesTobrien"],
		"Verbreitung" : { "Wald" : "selten", "Waldrand" : "sehr selten" },
		"Bestimmung" : 3,
		"Ernte" : ["Praios", "Rondra", "Efferd", "Travia"],
		"Grundmenge" : { "Würfel:Typ" : 6, "Würfel:Anzahl" : 2, "Art" : "Pilze" },
		"Haltbarkeit" : { "Würfel:Typ" : 6, "Würfel:Anzahl" : 1, "Additiv" : 24, "Einheit" : "Stunde" },
		"Preis" : 5
	},
	"Schlinggras" : {
		"Bücher" : { "Zoo-Botanica Aventurica" : 265 },
		"Typ" : ["Gefährliche Pflanze"],
		"Gebiet" : ["Nordaventurien"],
		"Verbreitung" : { "Sumpf und Moor" : "selten" },
		"Bestimmung" : 12
	},
	"Schwarmschwamm" : {
		"Bücher" : { "Zoo-Botanica Aventurica" : 265 },
		"Typ" : ["Übernatürliche Pflanze"],
		"Gebiet" : ["Tobrien"],
		"Verbreitung" : { "Fluss- und Seeufer, Teiche" : "sehr selten", "Flussauen" : "sehr selten" },
		"Bestimmung" : 3,
		"Ernte" : ["Praios", "Rondra", "Efferd", "Travia", "Boron", "Hesinde", "Firun", "Tsa", "Phex", "Peraine", "Ingerimm", "Rahja", "Namenloser"],
		"Grundmenge" : { "Additiv" : 1, "Art" : "Schwämme" },
		"Haltbarkeit" : { "Würfel:Typ" : 3, "Würfel:Anzahl" : 1, "Einheit" : "Tag" },
		"Preis" : 0,
		"Anmerkungen" : "Nur Schwarz-Tobrien, vor allem Xeraanien"
	},
	"Schwarzer Wein" : {
		"Bücher" : { "Zoo-Botanica Aventurica" : 266 },
		"Typ" : ["Übernatürliche Pflanze"],
		"Gebiet" : ["Aranien"],
		"Verbreitung" : { "Wald" : "häufig", "Steppe" : "gelegentlich", "Grasland, Wiesen" : "gelegentlich" },
		"Bestimmung" : 2,
		"Ernte" : ["Praios", "Rondra", "Efferd", "Travia", "Boron", "Hesinde", "Firun", "Tsa", "Phex", "Peraine", "Ingerimm", "Rahja", "Namenloser"],
		"Grundmenge" : { "Additiv" : 1, "Art" : "Trauben" },
		"Haltbarkeit" : { "Würfel:Typ" : 6, "Würfel:Anzahl" : 1, "Additiv" : 3, "Einheit" : "Tag" },
		"Preis" : 10,
		"Anmerkungen" : "Nur Moghulat Oron"
	},
	"Shurinstrauch" : {
		"Bücher" : { "Zoo-Botanica Aventurica" : 267 },
		"Typ" : ["Giftpflanze"],
		"Gebiet" : ["RivaAlAnfa"],
		"Verbreitung" : { "Steppe" : "selten", "Grasland, Wiesen" : "selten", "Wald" : "sehr selten" },
		"Bestimmung" : 2,
		"Ernte" : ["Praios", "Rondra", "Ingerimm", "Rahja", "Namenloser"],
		"Grundmenge" : { "Würfel:Typ" : 20, "Würfel:Anzahl" : 1, "Art" : "Knollen" },
		"Haltbarkeit" : { "Würfel:Typ" : 6, "Würfel:Anzahl" : 1, "Additiv" : 4, "Einheit" : "Tag" },
		"Preis" : 26.67
	},
	"Talaschin" : {
		"Bücher" : { "Zoo-Botanica Aventurica" : 268 },
		"Typ" : ["Nutzpflanze"],
		"Gebiet" : ["Khom", "GorischeWueste", "EwigesEis", "Raschtulswall", "EhernesSchwert", "HoheEternen", "Maraskan"],
		"Verbreitung" : { "Gebirge" : "gelegentlich", "Eis" : "selten", "Wüste und Wüstenrand" : "sehr selten" },
		"Bestimmung" : 5,
		"Ernte" : ["Praios", "Rondra", "Efferd", "Travia", "Boron", "Hesinde", "Firun", "Tsa", "Phex", "Peraine", "Ingerimm", "Rahja", "Namenloser"],
		"Grundmenge" : { "Würfel:Typ" : 6, "Würfel:Anzahl" : 1, "Art" : "Flechten" },
		"Haltbarkeit" : { "Additiv" : 1, "Einheit" : "Stunde" },
		"Preis" : 1.2
	},
	"Tarnblatt" : {
		"Bücher" : { "Zoo-Botanica Aventurica" : 268 },
		"Typ" : ["Giftpflanze"],
		"Gebiet" : ["Maraskan"],
		"Verbreitung" : { "Regenwald" : "selten", "Wald" : "selten" },
		"Bestimmung" : 8,
		"Ernte" : ["Praios", "Rondra", "Efferd", "Travia", "Boron", "Hesinde", "Firun", "Tsa", "Phex", "Peraine", "Ingerimm", "Rahja", "Namenloser"],
		"Grundmenge" : { "Additiv" : 1, "Art" : "Pflanzen" },
		"Haltbarkeit" : { "Würfel:Typ" : 6, "Würfel:Anzahl" : 1, "Einheit" : "Tag" },
		"Preis" : 10
	},
	"Tarnele" : {
		"Bücher" : { "Zoo-Botanica Aventurica" : 268 },
		"Typ" : ["Heilpflanze"],
		"Gebiet" : ["GerasimMengbilla"],
		"Verbreitung" : { "Grasland, Wiesen" : "häufig", "Flussauen" : "häufig", "Wald" : "gelegentlich", "Sumpf und Moor" : "gelegentlich", "Hochland" : "sehr selten" },
		"Bestimmung" : 4,
		"Ernte" : ["Praios", "Rondra", "Efferd", "Travia", "Ingerimm", "Rahja", "Namenloser"],
		"Grundmenge" : { "Additiv" : 1, "Art" : "Pflanzen" },
		"Haltbarkeit" : { "Würfel:Typ" : 6, "Würfel:Anzahl" : 1, "Additiv" : 18, "Einheit" : "Stunde" },
		"Preis" : 0.4
	},
	"Thonnys" : {
		"Bücher" : { "Zoo-Botanica Aventurica" : 269 },
		"Typ" : ["Nutzpflanze"],
		"Gebiet" : ["NoerdlichThorwalFestum"],
		"Verbreitung" : { "Steppe" : "sehr selten", "Wald" : "sehr selten" },
		"Bestimmung" : 5,
		"Ernte" : ["Praios", "Rondra", "Efferd", "Travia", "Peraine", "Ingerimm", "Rahja", "Namenloser"],
		"Grundmenge" : { "Würfel:Typ" : 6, "Würfel:Anzahl" : 1, "Additiv" : 4, "Art" : "Blätter" },
		"Haltbarkeit" : { "Würfel:Typ" : 6, "Würfel:Anzahl" : 2, "Additiv" : 36, "Einheit" : "Stunde" },
		"Preis" : 12,
		"Anmerkungen" : "Besonders um Bjaldorn; außerhalb der Blüte Bestimmung +12"
	},
	"Traschbart" : {
		"Bücher" : { "Zoo-Botanica Aventurica" : 269 },
		"Typ" : ["Heilpflanze"],
		"Gebiet" : ["Steineichenwald", "Finsterkamm", "Kosch", "Eisenwald"],
		"Verbreitung" : { "Wald" : "häufig", "Sumpf und Moor" : "gelegentlich" },
		"Bestimmung" : 6,
		"Ernte" : ["Praios", "Rondra", "Efferd", "Travia", "Boron", "Hesinde", "Firun", "Tsa", "Phex", "Peraine", "Ingerimm", "Rahja", "Namenloser"],
		"Grundmenge" : { "Würfel:Typ" : 6, "Würfel:Anzahl" : 1, "Art" : "Flechten" },
		"Haltbarkeit" : { "Würfel:Typ" : 6, "Würfel:Anzahl" : 1, "Einheit" : "Tag" },
		"Preis" : 0.1
	},
	"Trichterwurzel" : {
		"Bücher" : { "Zoo-Botanica Aventurica" : 270 },
		"Typ" : ["Gefährliche Pflanze"],
		"Gebiet" : ["Maraskan"],
		"Verbreitung" : { "Wald" : "gelegentlich", "Waldrand" : "sehr selten" },
		"Bestimmung" : 11
	},
	"Tuur-Amash-Kelch" : {
		"Bücher" : { "Zoo-Botanica Aventurica" : 270 },
		"Typ" : ["Übernatürliche Pflanze"],
		"Gebiet" : ["Tobrien"],
		"Verbreitung" : { "Wald" : "selten", "Waldrand" : "sehr selten" },
		"Bestimmung" : 1,
		"Ernte" : ["Praios", "Rondra", "Efferd", "Travia", "Boron", "Hesinde", "Firun", "Tsa", "Phex", "Peraine", "Ingerimm", "Rahja", "Namenloser"],
		"Grundmenge" : { "Würfel:Typ" : 6, "Würfel:Anzahl" : 1, "Additiv" : 3, "Art" : "Kelche" },
		"Haltbarkeit" : { "Würfel:Typ" : 6, "Würfel:Anzahl" : 1, "Einheit" : "Tag" },
		"Preis" : 0,
		"Anmerkungen" : "Nur Schwarz-Tobrien"
	},
	"Ulmenwürger" : {
		"Bücher" : { "Zoo-Botanica Aventurica" : 271 },
		"Typ" : ["Heilpflanze"],
		"Gebiet" : ["NoerdlichHavenaPerricum"],
		"Verbreitung" : { "Wald" : "gelegentlich", "Waldrand" : "selten" },
		"Bestimmung" : 2,
		"Ernte" : ["Efferd", "Travia"],
		"Grundmenge" : { "Würfel:Typ" : 20, "Würfel:Anzahl" : 1, "Art" : "Blüten" },
		"Haltbarkeit" : { "Würfel:Typ" : 6, "Würfel:Anzahl" : 3, "Additiv" : 24, "Einheit" : "Monat" },
		"Preis" : 0.5
	},
	"Vierblättrige Einbeere" : {
		"Bücher" : { "Zoo-Botanica Aventurica" : 271 },
		"Typ" : ["Heilpflanze"],
		"Gebiet" : ["NoerdlichDesYaquir"],
		"Verbreitung" : { "Waldrand" : "häufig", "Wald" : "häufig", "Grasland, Wiesen" : "gelegentlich", "Eis" : "sehr selten", "Wüste und Wüstenrand" : "sehr selten", "Gebirge" : "sehr selten", "Hochland" : "sehr selten", "Steppe" : "sehr selten", "Fluss- und Seeufer, Teiche" : "sehr selten", "Küste, Strand" : "sehr selten", "Flussauen" : "sehr selten", "Sumpf und Moor" : "sehr selten", "Regenwald" : "sehr selten" },
		"Bestimmung" : 5,
		"Ernte" : ["Praios", "Rondra", "Efferd", "Travia", "Boron", "Hesinde", "Phex", "Peraine", "Ingerimm", "Rahja", "Namenloser"],
		"Grundmenge" : { "Würfel:Typ" : 6, "Würfel:Anzahl" : 1, "Art" : "Beeren" },
		"Haltbarkeit" : { "Würfel:Typ" : 3, "Würfel:Anzahl" : 1, "Additiv" : 2, "Einheit" : "Tag" },
		"Preis" : 4
	},
	"Vragieswurzel" : {
		"Bücher" : { "Zoo-Botanica Aventurica" : 272 },
		"Typ" : ["Giftpflanze"],
		"Gebiet" : ["SuedlichHavenaPerricum"],
		"Verbreitung" : { "Regenwald" : "gelegentlich", "Gebirge" : "selten", "Wald" : "selten", "Hochland" : "sehr selten" },
		"Bestimmung" : 6,
		"Ernte" : ["Efferd", "Travia", "Boron"],
		"Grundmenge" : { "Additiv" : 1, "Art" : "Wurzeln" },
		"Haltbarkeit" : { "Würfel:Typ" : 6, "Würfel:Anzahl" : 1, "Additiv" : 7, "Einheit" : "Tag" },
		"Preis" : 2,
		"Anmerkungen" : "Besonders häufig im westlichen Regengebirge; Ernte im Boron nur in Südaventurien"
	},
	"Waldwebe" : {
		"Bücher" : { "Zoo-Botanica Aventurica" : 272 },
		"Typ" : ["Gefährliche Pflanze"],
		"Gebiet" : ["GanzAventurien"],
		"Verbreitung" : { "Wald" : "gelegentlich" },
		"Bestimmung" : 9
	},
	"Wasserrauch" : {
		"Bücher" : { "Zoo-Botanica Aventurica" : 273 },
		"Typ" : ["Nutzpflanze"],
		"Gebiet" : ["Bornland", "NoerdlichesTobrien"],
		"Verbreitung" : { "Fluss- und Seeufer, Teiche" : "selten" },
		"Bestimmung" : 1,
		"Ernte" : ["Praios", "Rondra", "Efferd", "Travia", "Rahja", "Namenloser"],
		"Grundmenge" : { "Würfel:Typ" : 20, "Würfel:Anzahl" : 2, "Art" : "Blüten" },
		"Haltbarkeit" : { "Würfel:Typ" : 6, "Würfel:Anzahl" : 3, "Additiv" : 24, "Einheit" : "Stunde" },
		"Preis" : 1,
		"Anmerkungen" : "Keine Blüten im Travia; Rondra bis Travia eine Frucht bei 12+ TaP*"
	},
	"Winselgras" : {
		"Bücher" : { "Zoo-Botanica Aventurica" : 273 },
		"Typ" : ["Nutzpflanze"],
		"Gebiet" : ["Aranien", "Mhanadistan", "Gorien", "Balash", "Thalusien", "Echsensuempfe", "Shadif", "Ostmeridiana", "Darpatien", "Tobrien", "Bornland", "Walberge", "EhernesSchwert"],
		"Verbreitung" : { "Steppe" : "gelegentlich", "Grasland, Wiesen" : "selten" },
		"Bestimmung" : 2,
		"Anmerkungen" : "Vor allem Aranien und Mhanadistan; Tags Bestimmung +12"
	},
	"Wirselkraut" : {
		"Bücher" : { "Zoo-Botanica Aventurica" : 273 },
		"Typ" : ["Heilpflanze"],
		"Gebiet" : ["GanzAventurien"],
		"Verbreitung" : { "Steppe" : "häufig", "Grasland, Wiesen" : "gelegentlich" },
		"Bestimmung" : 5,
		"Ernte" : ["Praios", "Rondra", "Efferd", "Travia", "Boron", "Phex", "Peraine", "Ingerimm", "Rahja", "Namenloser"],
		"Grundmenge" : { "Würfel:Typ" : 6, "Würfel:Anzahl" : 1, "Additiv" : 4, "Art" : "Blätter" },
		"Haltbarkeit" : { "Würfel:Typ" : 6, "Würfel:Anzahl" : 2, "Additiv" : 18, "Einheit" : "Stunde" },
		"Preis" : 10
	},
	"Würgedattel" : {
		"Bücher" : { "Zoo-Botanica Aventurica" : 274 },
		"Typ" : ["Gefährliche Pflanze"],
		"Gebiet" : ["OstAltoumIbonka"],
		"Verbreitung" : { "Regenwald" : "sehr selten", "Waldrand" : "sehr selten" },
		"Bestimmung" : 5
	},
	"Yaganstrauch" : {
		"Bücher" : { "Zoo-Botanica Aventurica" : 274 },
		"Typ" : ["Nutzpflanze"],
		"Gebiet" : ["Maraskan", "AranischeKueste"],
		"Verbreitung" : { "Wald" : "gelegentlich", "Hochland" : "selten" },
		"Bestimmung" : 6,
		"Ernte" : ["Boron"],
		"Grundmenge" : { "Würfel:Typ" : 6, "Würfel:Anzahl" : 1, "Art" : "Nüsse" },
		"Haltbarkeit" : { "Würfel:Typ" : 6, "Würfel:Anzahl" : 1, "Additiv" : 7, "Einheit" : "Monat" },
		"Preis" : 30
	},
	"Zithabar" : {
		"Bücher" : { "Zoo-Botanica Aventurica" : 275 },
		"Typ" : ["Nutzpflanze"],
		"Gebiet" : ["Aranien", "Mhanadistan", "Balash", "Thalusien", "Szintotal"],
		"Verbreitung" : { "Fluss- und Seeufer, Teiche" : "häufig", "Sumpf und Moor" : "gelegentlich", "Waldrand" : "selten", "Wald" : "sehr selten" },
		"Bestimmung" : 5,
		"Ernte" : ["Praios", "Peraine", "Ingerimm", "Rahja", "Namenloser"],
		"Grundmenge" : { "Würfel:Typ" : 20, "Würfel:Anzahl" : 3, "Art" : "Blätter" },
		"Haltbarkeit" : { "Additiv" : 1, "Einheit" : "Tag" },
		"Preis" : 0.07
	},
	"Zunderschwamm" : {
		"Bücher" : { "Zoo-Botanica Aventurica" : 275 },
		"Typ" : ["Nutzpflanze"],
		"Gebiet" : ["SuedlichDesBlauenSees"],
		"Verbreitung" : { "Wald" : "häufig", "Regenwald" : "gelegentlich" },
		"Bestimmung" : 4,
		"Ernte" : ["Praios", "Rondra", "Efferd", "Travia", "Boron", "Hesinde", "Firun", "Tsa", "Phex", "Peraine", "Ingerimm", "Rahja", "Namenloser"],
		"Grundmenge" : { "Würfel:Typ" : 6, "Würfel:Anzahl" : 1, "Art" : "Pilze" },
		"Haltbarkeit" : { "Würfel:Typ" : 6, "Würfel:Anzahl" : 1, "Additiv" : 2, "Einheit" : "Monat" },
		"Preis" : 0.5
	},
	"Zwölfblatt" : {
		"Bücher" : { "Zoo-Botanica Aventurica" : 276 },
		"Typ" : ["Heilpflanze"],
		"Gebiet" : ["SuedlichVonRiva"],
		"Verbreitung" : { "Wald" : "gelegentlich", "Steppe" : "gelegentlich", "Grasland, Wiesen" : "selten", "Hochland" : "sehr selten", "Sumpf und Moor" : "sehr selten" },
		"Bestimmung" : 5,
		"Ernte" : ["Praios", "Hesinde", "Firun", "Tsa", "Phex", "Peraine", "Ingerimm", "Rahja", "Namenloser"],
		"Grundmenge" : { "Additiv" : 12, "Art" : "Stängel" },
		"Haltbarkeit" : { "Würfel:Typ" : 6, "Würfel:Anzahl" : 1, "Additiv" : 9, "Einheit" : "Stunde" },
		"Preis" : 9,
		"Anmerkungen" : "Sumpf und Moor nur in Südaventurien"
	}
}