{
	"releaseDate" : "2022-11-26_23-00",
	"previousReleaseDate" : "2021-09-05_22-15",
	"previousReleaseLink" : "https://raw.githubusercontent.com/DSATool/Data/master/release/Data_2021-09-05_22-15.zip",
	"updateInfo" : "https://raw.githubusercontent.com/DSATool/Data/master/release/update-info.json",
	"signatureProviderName" : "SunEC",
	"signatureKeyAlgorithm" : "EC",
	"signatureAlgorithm" : "SHA512withECDSA",
	"signatureKey" : "MFkwEwYHKoZIzj0CAQYIKoZIzj0DAQcDQgAE8OhZ4Ph0qrV1k1imx3mlzTGU9tF/R2eAnRHaiYKPVCE7mHO32zrsSieQQAlqN0IAj0gIxShBabPtj/vaQfZjew=="
}