{
	"releaseDate" : "2022-11-26_23-00",
	"previousReleaseDate" : "2021-03-11_17-30",
	"previousReleaseLink" : "https://raw.githubusercontent.com/DSATool/InitiativeListPlugin/master/release/InitiativeList_2021-03-11_17-30.zip",
	"updateInfo" : "https://raw.githubusercontent.com/DSATool/InitiativeListPlugin/master/release/update-info.json",
	"signatureProviderName" : "SunEC",
	"signatureKeyAlgorithm" : "EC",
	"signatureAlgorithm" : "SHA512withECDSA",
	"signatureKey" : "MFkwEwYHKoZIzj0CAQYIKoZIzj0DAQcDQgAEolaif4SrhIkWi+eahsDvA1Sx4mLi47o1k5f584C64aWxYp+cxVvH55NwcDnJpqDRhTNc8zCbAMwgBz1H0J0dJQ=="
}