{
	"Allgemein" : {
		"Ablegen" : { "Bücher" : { "Zoo-Botanica Aventurica" : 20 }, "Erschwernis" : 3, "Beschreibung:Kurz" : "Wartet nach Sitz unbeweglich bis zum Befehl Komm" },
		"Anzeige" : { "Bücher" : { "Zoo-Botanica Aventurica" : 20 }, "Speziell" : true, "Beschreibung:Kurz" : "Zeigt durch starre Haltung Richtung von Wild, statt es zu verscheuchen" },
		"Apport" : { "Bücher" : { "Zoo-Botanica Aventurica" : 20 }, "Erschwernis" : 3, "Beschreibung:Kurz" : "Bringt Objekt, dass transportiert werden kann" },
		"Fass I" : { "Bücher" : { "Zoo-Botanica Aventurica" : 20 }, "Speziell" : true, "Beschreibung:Kurz" : "Greift kleinere Tiere auf Kommando an, lässt auf Befehl von ihnen ab" },
		"Fass II" : { "Bücher" : { "Zoo-Botanica Aventurica" : 20 }, "Speziell" : true, "Beschreibung:Kurz" : "Greift auch größere Tiere und Menschen auf Kommando an, lässt auf Befehl von ihnen ab" },
		"Komm" : { "Bücher" : { "Zoo-Botanica Aventurica" : 20 }, "Erschwernis" : -1, "Beschreibung:Kurz" : "Kommt auf Befehl" },
		"Laut" : { "Bücher" : { "Zoo-Botanica Aventurica" : 20 }, "Erschwernis" : 1, "Beschreibung:Kurz" : "Schlägt auf Befehl an, gibt Laut wenn Wild oder Eindringling wahrgenommen" },
		"Platz" : { "Bücher" : { "Zoo-Botanica Aventurica" : 20 }, "Erschwernis" : 1, "Beschreibung:Kurz" : "Legt sich auf Befehl hin, folgt, sobald mehr Besitzer sich entfernt" },
		"Sitz" : { "Bücher" : { "Zoo-Botanica Aventurica" : 20 }, "Erschwernis" : 0, "Beschreibung:Kurz" : "Setzt sich auf Befehl, folgt, sobald Besitzer mehr als 3 Schritt entfernt" },
		"Still" : { "Bücher" : { "Zoo-Botanica Aventurica" : 20 }, "Erschwernis" : 2, "Beschreibung:Kurz" : "Ist für die nächste Zeit still" },
		"Such" : { "Bücher" : { "Zoo-Botanica Aventurica" : 20 }, "Speziell" : true, "Beschreibung:Kurz" : "Folgt einer Fährte oder sucht nach Wild" },
		"Treiben" : { "Bücher" : { "Zoo-Botanica Aventurica" : 20 }, "Speziell" : true, "Beschreibung:Kurz" : "Treib eine Tierherde auf Befehl, bringt fliehende Tiere zurück/zu Fall, ohne sie zu verletzen" },
		"Trick" : { "Bücher" : { "Zoo-Botanica Aventurica" : 20 }, "Erschwernis" : 7, "Freitext" : "Trick", "Beschreibung:Kurz" : "Kann auf Befehl einen Trick ausführen, max. KL Tricks mögl." },
		"Wache" : { "Bücher" : { "Zoo-Botanica Aventurica" : 20 }, "Speziell" : true, "Beschreibung:Kurz" : "Schlägt an, wenn ein Fremder kommt, LO-12 bei Fremden" },
		"Zusammenarbeit" : { "Bücher" : { "Zoo-Botanica Aventurica" : 20 }, "Erschwernis" : 5, "Beschreibung:Kurz" : "Kann mit anderen Tieren der gleichen Art zusammenarbeiten" }
	},
	"Reittiere" : {
		"Almadaner Schritt" : { "Bücher" : { "Zoo-Botanica Aventurica" : 35 }, "Speziell" : true, "Beschreibung:Kurz" : "Hebt Vorderbeine hoch und elegant, stolziert" },
		"Capriola" : { "Bücher" : { "Zoo-Botanica Aventurica" : 38 }, "Speziell" : true, "Kampf" : true, "Reit-Attacke" : 5, "Beschreibung:Kurz" : "Hinterhufe: DK N, TPx2, nur Ausweichen, Fußkämpfer Sturz, Reiter KK+SP sonst Sturz mit Pferd" },
		"Corbetto" : { "Bücher" : { "Zoo-Botanica Aventurica" : 38 }, "Speziell" : true, "Kampf" : true, "Reit-Attacke" : 3, "Beschreibung:Kurz" : "Vorderhufe: DK HN, Satz nach vorn, nächste Akt. wieder AT, bis 3 Sprünge/4 AT je Reit-AT+3" },
		"Eingefahren" : { "Bücher" : { "Zoo-Botanica Aventurica" : 35 }, "Speziell" : true, "Beschreibung:Kurz" : "Lässt sich nicht nur reiten, sondern auch einspannen" },
		"Galoppwechsel" : { "Bücher" : { "Zoo-Botanica Aventurica" : 35 }, "Beschreibung:Kurz" : "Wechselt auf Kommando die Galopprichtung" },
		"Geländehindernisse" : { "Bücher" : { "Zoo-Botanica Aventurica" : 35 }, "Beschreibung:Kurz" : "Bäche, Unterholz, Sumpf, etc.: Reiten-3" },
		"Gespanngewöhnung" : { "Bücher" : { "Zoo-Botanica Aventurica" : 35 }, "Speziell" : true, "Beschreibung:Kurz" : "Auf spezielles Gespann eingespielt, Fahrzeug Lenken-3; anderes Gespann: LO-2" },
		"Gezielter Biss" : { "Bücher" : { "Zoo-Botanica Aventurica" : 38 }, "Speziell" : true, "Kampf" : true, "Reit-Attacke" : 1, "Beschreibung:Kurz" : "Beißt auf Kommando, DK H (Kamel N), eine DK überwinden frei" },
		"Gezielter Tritt" : { "Bücher" : { "Zoo-Botanica Aventurica" : 38 }, "Speziell" : true, "Kampf" : true, "Reit-Attacke" : 1, "Beschreibung:Kurz" : "Tritt auf Kommando zur Seite/nach hinten, DK N (Kamel NS), Bewegung frei" },
		"Hinlegen" : { "Bücher" : { "Zoo-Botanica Aventurica" : 35 }, "Beschreibung:Kurz" : "Legt sich auf Kommando hin, bis Kommando zum Aufstehen" },
		"Kehrtwende" : { "Bücher" : { "Zoo-Botanica Aventurica" : 35 }, "Beschreibung:Kurz" : "Nach Stopp 180° Wende, sofortiges Loslaufen in beliebiger Geschwindigkeit" },
		"Kniefall" : { "Bücher" : { "Zoo-Botanica Aventurica" : 35 }, "Speziell" : true, "Beschreibung:Kurz" : "Lässt sich auf ein Knie nieder und beugt Kopf ähnlich Hofknicks" },
		"Kommen auf Signal" : { "Bücher" : { "Zoo-Botanica Aventurica" : 35 }, "Beschreibung:Kurz" : "Kommt auf bestimmtes Signal (Name, Pfiff) zum Herrn" },
		"Kreisel" : { "Bücher" : { "Zoo-Botanica Aventurica" : 38 }, "Speziell" : true, "Kampf" : true, "Reit-Attacke" : 5, "Beschreibung:Kurz" : "Dreht sich mit Trab-GS, Fußkämpfer +1 DK, KK+GS sonst Sturz, 1KR/Drehung, 1-4 KR" },
		"Lanzengang" : { "Bücher" : { "Zoo-Botanica Aventurica" : 35 }, "Speziell" : true, "Beschreibung:Kurz" : "Beim Lanzengang Reiten-3, Lanzen-AT-3" },
		"Lenken ohne Zügel" : { "Bücher" : { "Zoo-Botanica Aventurica" : 35 }, "Speziell" : true, "Beschreibung:Kurz" : "Kann ohne Zügel gelenkt werden, Reiten±0, nicht im Nahkampf" },
		"Mehrspännig" : { "Bücher" : { "Zoo-Botanica Aventurica" : 35 }, "Speziell" : true, "Beschreibung:Kurz" : "Ausgebildet, um mit mehreren Tieren vor Wagen zu laufen" },
		"Passage" : { "Bücher" : { "Zoo-Botanica Aventurica" : 35 }, "Speziell" : true, "Beschreibung:Kurz" : "Verlangsamte Trabschritte, scheint in der Luft zu schweben" },
		"Piaffe" : { "Bücher" : { "Zoo-Botanica Aventurica" : 35 }, "Speziell" : true, "Beschreibung:Kurz" : "Tritt im Trab mit erhabenem Ausdruck auf der Stelle" },
		"Rastullahs Schwingen" : { "Bücher" : { "Zoo-Botanica Aventurica" : 35 }, "Speziell" : true, "Beschreibung:Kurz" : "Zus. 3SR Galopp, davon 1. mit GS+1, danach 50% Zusammenbruch, dann 25% Tod" },
		"Reitertreue" : { "Bücher" : { "Zoo-Botanica Aventurica" : 35 }, "Speziell" : true, "Beschreibung:Kurz" : "Wirft Fremde ab, LO-10 bei Fremden, LO Steigerung +3" },
		"Schrecksicher" : { "Bücher" : { "Zoo-Botanica Aventurica" : 35 }, "Speziell" : true, "Beschreibung:Kurz" : "Erschrickt nicht bei Geräuschen, etc., Proben-3" },
		"Seitengänge" : { "Bücher" : { "Zoo-Botanica Aventurica" : 35 }, "Beschreibung:Kurz" : "Kann sich seitwärts fortbewegen" },
		"Separieren" : { "Bücher" : { "Zoo-Botanica Aventurica" : 35 }, "Speziell" : true, "Beschreibung:Kurz" : "Kann bei der arbeit mit Herdentieren helfen, Proben-5" },
		"Sprungsicherheit" : { "Bücher" : { "Zoo-Botanica Aventurica" : 35 }, "Speziell" : true, "Beschreibung:Kurz" : "Hindernisse überwinden: Reiten-3" } ,
		"Steigen" : { "Bücher" : { "Zoo-Botanica Aventurica" : 38 }, "Kampf" : true, "Reit-Attacke" : 1, "Beschreibung:Kurz" : "Vorderhufe: DK H (Kamel HN)" },
		"Stille Wacht" : { "Bücher" : { "Zoo-Botanica Aventurica" : 35 }, "Speziell" : true, "Beschreibung:Kurz" : "Stupst Herrn wach bei Fremden, zeigt Hinterhalt durch Ohren (Sinnens. 12 mit W20)" },
		"Stillstand" : { "Bücher" : { "Zoo-Botanica Aventurica" : 35 }, "Beschreibung:Kurz" : "Bewegt sich auf Kommando nicht mehr" },
		"Stopp" : { "Bücher" : { "Zoo-Botanica Aventurica" : 35 }, "Beschreibung:Kurz" : "Kann aus jeder Gangart abrupt stoppen" },
		"Wacht" : { "Bücher" : { "Zoo-Botanica Aventurica" : 35 }, "Beschreibung:Kurz" : "Wiehert bei Fremden (Sinnens. 12 auf W20)" },
		"Weiches Gangwerk" : { "Bücher" : { "Zoo-Botanica Aventurica" : 35 }, "Speziell" : true, "Beschreibung:Kurz" : "Weicheres Reiten mit GS-1" },
		"Zählen" : { "Bücher" : { "Zoo-Botanica Aventurica" : 35 }, "Speziell" : true, "Beschreibung:Kurz" : "Klopft auf Signal oder schüttelt Kopf, als würde es Zählen" }
	},
	"Vertrautenmagie" : {
		"Aurapanzer" : { "Bücher" : { "Wege der Zauberei" : 31, "Wege der Helden" : 284 }, "Kosten" : 125, "Beschreibung:Kurz" : "RS geg. mag. Schaden in Höhe der (natürlichen) MR, nur mit Analys/Oculus erkennbar, erfordert 20 AsP zum Erlernen" },
		"Dinge aufspüren" : { "Bücher" : { "Wege der Zauberei" : 125 }, "Kosten" : 10, "Ritualprobe" : ["KL", "IN", "IN", "Z"], "Ritualdauer" : { "Additiv" : 7, "Einheit" : "Aktion" }, "Ritualkosten" : { "Additiv" : 3 }, "Zielobjekt" : ["Einzelobjekt"], "Reichweite" : { "Multiplikativ" : 1, "Basis" : "RkW", "Einheit" : "Meile" }, "Wirkungsdauer" : { "Multiplikativ" : 1, "Basis" : "RkP*", "Einheit" : "Spielrunde" }, "Merkmale" : ["Hellsicht"], "Beschreibung:Kurz" : "Erkennt Richtung eines Objekts (emotionale Bindung nötig), Z=1/Meile, bis -7 für Vertrautheit" },
		"Erster unter Gleichen" : { "Bücher" : { "Wege der Zauberei" : 126 }, "Kosten" : 20, "Kosten:Voraussetzungen" : [{ "Vorteile/Nachteile/Sonderfertigkeiten" : { "Muss" : { "Machtvoller Vertrauter" : {} } }, "Multiplikativ" : 0.5 }], "Ritualprobe" : ["MU", "MU", "CH", "MR"], "Ritualdauer" : { "Additiv" : 2, "Einheit" : "Aktion" }, "Ritualkosten" : { "Additiv" : 5 }, "Zielobjekt" : ["Einzelwesen"], "Reichweite" : { "Additiv" : 3, "Einheit" : "Schritt" }, "Wirkungsdauer" : { "Multiplikativ" : 2, "Basis" : "RkP*", "Einheit" : "Spielrunde" }, "Merkmale" : ["Einfluss"], "Beschreibung:Kurz" : "Schüchtert anderes Tier gleicher Art ein, beendet Angriffe" },
		"Hexe finden" : { "Bücher" : { "Wege der Zauberei" : 126 }, "Kosten" : 15, "Ritualprobe" : ["KL", "IN", "IN", "Z"], "Ritualdauer" : { "Additiv" : 5, "Einheit" : "Aktion" }, "Ritualkosten" : { "Additiv" : 2 }, "Zielobjekt" : ["Einzelperson"], "Reichweite" : { "Multiplikativ" : 1, "Basis" : "RkW", "Einheit" : "Meile" }, "Wirkungsdauer" : { "Multiplikativ" : 1, "Basis" : "RkP*", "Einheit" : "Spielrunde" }, "Merkmale" : ["Hellsicht"], "Beschreibung:Kurz" : "Spürt Richtung des Besitzers, Z=-7+1/Meile" },
		"Krötengift" : { "Bücher" : { "Wege der Zauberei" : 126 }, "Tierarten" : ["Kröte"], "Kosten" : 20, "Ritualprobe" : ["IN", "CH", "KO"], "Ritualdauer" : { "Additiv" : 2, "Einheit" : "Aktion" }, "Ritualkosten" : { "Additiv" : 4 }, "Zielobjekt" : ["Einzelwesen"], "Reichweite" : { "Selbst" : true }, "Wirkungsdauer" : { "Multiplikativ" : 1, "Basis" : "RkP*", "Einheit" : "Kampfrunde" }, "Merkmale" : ["Form"], "Beschreibung:Kurz" : "Hautgift: Verwandlung, z.B. CH u. FF-1 an der Hand, permanent bis Antimagie o. Heilzauber mit 7LeP" },
		"Krötenschlag" : { "Bücher" : { "Wege der Zauberei" : 126 }, "Tierarten" : ["Kröte"], "Kosten" : 0, "Ritualprobe" : ["IN", "CH", "KK"], "Ritualdauer" : { "Additiv" : 2, "Einheit" : "Aktion" }, "Ritualkosten" : { "Multiplikativ" : 1, "Basis" : "AsP" }, "Zielobjekt" : ["Mehrere Wesen"], "Reichweite" : { "Divisor" : 2, "Basis" : "RkW", "Einheit" : "Schritt" }, "Wirkungsdauer" : { "Augenblicklich" : true }, "Merkmale" : ["Schaden"], "Beschreibung:Kurz" : "Entlädt alle AsP für 1SP/AsP, gleichmäßig verteilt auf alle Gegner" },
		"Schlaf rauben" : { "Bücher" : { "Wege der Zauberei" : 126 }, "Kosten" : 20, "Ritualprobe" : ["KL", "IN", "KO"], "Ritualdauer" : { "Additiv" : 5, "Einheit" : "Aktion" }, "Ritualkosten" : { "Additiv" : 1 }, "Zielobjekt" : ["Einzelperson"], "Reichweite" : { "Multiplikativ" : 1, "Basis" : "RkW", "Einheit" : "Schritt" }, "Wirkungsdauer" : { "Multiplikativ" : 1, "Basis" : "RkP*", "Einheit" : "Spielrunde" }, "Merkmale" : ["Einfluss", "Verständigung"], "Beschreibung:Kurz" : "Überträgt Regeneration des Ziels auf sich mit 1LeP/SR, führt zu Alpträumen von Tier" },
		"Stimmungssinn" : { "Bücher" : { "Wege der Zauberei" : 126 }, "Kosten" : 15, "Ritualprobe" : ["IN", "IN", "CH"], "Ritualdauer" : { "Additiv" : 2, "Einheit" : "Aktion" }, "Ritualkosten" : { "Multiplikativ" : 2, "Grundmenge" : "SR" }, "Zielobjekt" : ["Einzelperson"], "Reichweite" : { "Multiplikativ" : 1, "Basis" : "RkW", "Einheit" : "Schritt" }, "Wirkungsdauer" : { "Multiplikativ" : 1, "Basis" : "RkP*", "Einheit" : "Spielrunde" }, "Merkmale" : ["Hellsicht", "Verständigung"], "Beschreibung:Kurz" : "Leitet Gefühle des Gesprächspartner an Besitzer" },
		"Tarnung" : { "Bücher" : { "Wege der Zauberei" : 126 }, "Tierarten" : ["Kröte", "Schlange", "Spinne"], "Kosten" : 15, "Ritualprobe" : ["IN", "IN", "GE"], "Ritualdauer" : { "Additiv" : 1, "Einheit" : "Aktion" }, "Ritualkosten" : { "Additiv" : 2 }, "Zielobjekt" : ["Einzelwesen, freiwillig"], "Reichweite" : { "Selbst" : true }, "Wirkungsdauer" : { "Multiplikativ" : 1, "Basis" : "RkP*", "Einheit" : "Spielrunde" }, "Merkmale" : ["Illusion"], "Beschreibung:Kurz" : "Erzeugt Tarnung entsprechend Chamaelioni" },
		"Tiersinne" : { "Bücher" : { "Wege der Zauberei" : 127 }, "Kosten" : 15, "Ritualprobe" : ["KL", "IN", "IN"], "Ritualdauer" : { "Additiv" : 5, "Einheit" : "Aktion" }, "Ritualkosten" : { "Additiv" : 3, "Multiplikativ" : 2, "Grundmenge" : "SR" }, "Zielobjekt" : ["Einzelperson, freiwillig"], "Reichweite" : { "Berührung" : true }, "Wirkungsdauer" : { "Multiplikativ" : 1, "Basis" : "RkP*", "Einheit" : "Spielrunde" }, "Merkmale" : ["Eigenschaften", "Verständigung"], "Beschreibung:Kurz" : "Besitzer erhält Sinne wie Tier" },
		"Ungesehener Beobachter" : { "Bücher" : { "Wege der Zauberei" : 127 }, "Kosten" : 20, "Ritualprobe" : ["IN", "IN", "CH"], "Ritualdauer" : { "Additiv" : 5, "Einheit" : "Aktion" }, "Ritualkosten" : { "Additiv" : 7 }, "Zielobjekt" : ["Einzelperson, freiwillig"], "Reichweite" : { "Multiplikativ" : 1, "Basis" : "RkW", "Einheit" : "Meile" }, "Wirkungsdauer" : { "Additiv" : 1, "Einheit" : "Tag", "Aufrechterhalten" : true }, "Merkmale" : ["Verständigung"], "Beschreibung:Kurz" : "Leiht Besitzer (in Trace) Sinne, Tier verletzt: 1 Erschöpfung/SP" },
		"Wachsame Augen" : { "Bücher" : { "Wege der Zauberei" : 127 }, "Kosten" : 15, "Voraussetzungen" : { "Vorteile/Nachteile/Sonderfertigkeiten" : { "Muss" : { "Machtvoller Vertrauter" : {} } } }, "Ritualprobe" : ["IN", "IN", "CH"], "Ritualdauer" : { "Additiv" : 15, "Einheit" : "Aktion" }, "Ritualkosten" : { "Additiv" : 5 }, "Zielobjekt" : ["Mehrere Wesen"], "Reichweite" : { "Multiplikativ" : 100, "Basis" : "RkW", "Einheit" : "Schritt" }, "Wirkungsdauer" : { "Additiv" : 1, "Einheit" : "Tag" }, "Merkmale" : ["Einfluss", "Verständigung"], "Beschreibung:Kurz" : "Ruft verwandte Tiere, die über den Schlaf wachen und bei Gefahr aufmerksam machen" },
		"Zwiegespräch" : { "Bücher" : { "Wege der Zauberei" : 127 }, "Kosten" : 0, "Ritualprobe" : ["KL", "IN", "IN"], "Ritualdauer" : { "Additiv" : 2, "Einheit" : "Aktion" }, "Ritualkosten" : { "Additiv" : 2 }, "Zielobjekt" : ["Einzelperson, freiwillig"], "Reichweite" : { "Berührung" : true }, "Wirkungsdauer" : { "Beliebig" : true }, "Merkmale" : ["Verständigung"], "Beschreibung:Kurz" : "Kann Besitzer Bilder, Gefühle telepathisch vermitteln" }
	}
}