{
	"releaseDate" : "2021-03-21_13-30",
	"previousReleaseDate" : "2021-03-17_18-01",
	"previousReleaseLink" : "https://raw.githubusercontent.com/DSATool/DSATool/master/release/DSATool_2021-03-17_18-01.zip",
	"updateInfo" : "https://raw.githubusercontent.com/DSATool/DSATool/master/release/update-info.json",
	"signatureProviderName" : "SunEC",
	"signatureKeyAlgorithm" : "EC",
	"signatureAlgorithm" : "SHA512withECDSA",
	"signatureKey" : "MFkwEwYHKoZIzj0CAQYIKoZIzj0DAQcDQgAEv/bhNL3TE4lXx8MBz+Oi4sGYoRlf0MVz0E1RjIfbCUIyDa8hgewACgWUKcBj363cZQfbLE3aUFqW2HmELS7HrA=="
}