{
	"releaseDate" : "2018-02-27_18-00",
	"previousReleaseDate" : "2017-05-19_18-00",
	"previousReleaseLink" : "https://raw.githubusercontent.com/DSATool/NotesPlugin/master/release/Notes_2017-05-19_18-00.zip",
	"updateInfo" : "https://raw.githubusercontent.com/DSATool/NotesPlugin/master/release/update-info.json",
	"signatureProviderName" : "SunEC",
	"signatureKeyAlgorithm" : "EC",
	"signatureAlgorithm" : "SHA512withECDSA",
	"signatureKey" : "MFkwEwYHKoZIzj0CAQYIKoZIzj0DAQcDQgAERz7TXgmhmMSAITMh0y+pMe2le1V0NPIjTGu07rNQy5iqy85ZSkEfrtxhlir9ib9O6ih+tjXt2JbO2NTvNRns+A=="
}