{
	"Notlage" : { "Additiv" : -3 },
	"göttlicher/kirchlicher Auftrag" : { "Maximum" : -7 },
	"eigensüchtige Motive" : { "Maximum" : 7 },
	"unter Einfluss/Herrschaft" : { "Additiv" : 12 },
	"frisch konvertiert" : { "Additiv" : 3 },
	"Eidbrecher/Frevler" : { "Text" : "+3/+7" },
	"geweihter Boden" : { "Additiv" : -1 },
	"eigene Kapelle/Schrein" : { "Additiv" : -2 },
	"eigener Tempel" : { "Additiv" : -3 },
	"eigener heiliger Ort" : { "Additiv" : -4 },
	"Territorium Ungläubiger/Zweifler" : { "Additiv" : 3 },
	"Gegenwart vieler Ungläubiger/Zweifler" : { "Additiv" : 3 },
	"andere Welt/Globule/Limbus" : { "Minimum" : 7 },
	"dämonisch verzerrtes Territorium" : { "Minimum" : 7 },
	"Monat des Zwölfgottes" : { "Additiv" : -1 },
	"eigener Feiertag" : { "Additiv" : -3 },
	"Namenlose Tage" : { "Additiv" : 7 },
	"Harmonie mit Weltgeschehen" : { "Text" : "-2 bis +7" },
	"Segnung für Eidbrecher/Frevler" : { "Text" : "+2/+5" },
	"Aufgestuft (max. 1/Kategorie)" : { "Multiplikativ" : 2, "Grundmenge" : "Aufst." },
	"Für mitbetenden Geweihter" : { "Additiv" : 3 },
	"Für mitbetenden Akoluth" : { "Additiv" : 0 },
	"<7/13/61/>60 Mitbeter (min. Andacht)" : { "Text" : "-1/-2/-3/-5" },
	"Mitbetende Geweihte" : { "Divisor" : 3, "Basis" : "LkP*" },
	"Mitbetende Akoluthen" : { "Divisor" : 5, "Basis" : "LkP*" },
	"Regeneration Tag/2 Tage/Woche/Monat" : { "Text" : "+12/+8/+4/±0" }
}