{
	"Adlige Abstammung" : { "Bücher" : { "Wege der Helden" : 246 }, "Kosten" : 7, "Voraussetzungen" : { "Vorteile/Nachteile/Sonderfertigkeiten" : { "Nicht" : { "Amtsadel" : {} } }, "Wahl" : [[{ "Basiswerte" : { "Sozialstatus" : 7 } }, { "Basiswerte" : { "Sozialstatus" : 6 }, "Kulturen" : { "Wahl" : { "Mhanadistan" : {}, "Tulamidische Stadtstaaten" : {} } , "Geschlecht" : "weiblich" } }]] }, "Beschreibung:Kurz" : "Entstammt lokaler Herrscherfamile, Besonderer Besitz 3GP, Ausrüstungsvorteil SOx3D/Stufe, Startkapital x2" },
	"Adliges Erbe" : { "Bücher" : { "Wege der Helden" : 246 }, "Kosten" : 6, "Voraussetzungen" : { "Vorteile/Nachteile/Sonderfertigkeiten" : { "Muss" : { "Adlige Abstammung" : {} } } }, "Effekte" : { "Basiswerte" : { "Sozialstatus" : 1 } }, "Beschreibung:Kurz" : "Ist Erbe eines Titels/Lehens: 1 Besonderer Besitz automatisch, SO+1" },
	"Amtsadel" : { "Bücher" : { "Wege der Helden" : 246 }, "Kosten" : 5, "Voraussetzungen" : { "Vorteile/Nachteile/Sonderfertigkeiten" : { "Nicht" : { "Adlige Abstammung" : {}, "Adliges Erbe" : {} } } }, "Beschreibung:Kurz" : "Bekleidet ein Amt, das zum Adelsstand gehört, Besonderer Besitz 3GP, Ausrüstungsvorteil SOx3D/Stufe, Startkapital x2" },
	"Affinität zu Geistern" : { "Bücher" : { "Wege der Helden" : 246 }, "Kosten" : 2, "Kosten:Voraussetzungen" : [{ "Vorteile/Nachteile/Sonderfertigkeiten" : { "Wahl" : [{ "Viertelzauberer" : {}, "Viertelzauberer (unentdeckt)" : {}, "Halbzauberer" : {}, "Vollzauberer" : {} }] }, "Multiplikativ" : 2.5 }], "Beschreibung:Kurz" : "Kontrollprobe-3 bei Geistern" },
	"Affinität zu Elementaren" : { "Bücher" : { "Wege der Helden" : 246 }, "Kosten" : 2, "Kosten:Voraussetzungen" : [{ "Vorteile/Nachteile/Sonderfertigkeiten" : { "Wahl" : [{ "Viertelzauberer" : {}, "Viertelzauberer (unentdeckt)" : {}, "Halbzauberer" : {}, "Vollzauberer" : {} }] }, "Multiplikativ" : 2.5 }], "Beschreibung:Kurz" : "Kontrollprobe-3 bei Elementaren" },
	"Affinität zu Dämonen" : { "Bücher" : { "Wege der Helden" : 246 }, "Kosten" : 2, "Kosten:Voraussetzungen" : [{ "Vorteile/Nachteile/Sonderfertigkeiten" : { "Wahl" : [{ "Viertelzauberer" : {}, "Viertelzauberer (unentdeckt)" : {}, "Halbzauberer" : {}, "Vollzauberer" : {} }] }, "Multiplikativ" : 2.5 }], "Beschreibung:Kurz" : "Kontrollprobe-3 bei Dämonen" },
	"Akademische Ausbildung (Gelehrter)" : { "Bücher" : { "Wege der Helden" : 247 }, "Kosten" : 7, "Effekte" : { "Vorteile/Nachteile/Sonderfertigkeiten" : { "Nandusgefälliges Wissen" : {} } }, "Beschreibung:Kurz" : "Bei Generierung Wissen u. Sprachen und Schriften bis TaW 10 -1 Spalte, Nandusgefälliges Wissen" },
	"Akademische Ausbildung (Magier)" : { "Bücher" : { "Wege der Helden" : 247 }, "Kosten" : 25, "speziell" : true, "Voraussetzungen" : { "Vorteile/Nachteile/Sonderfertigkeiten" : { "Muss" : { "Vollzauberer" : {} } } }, "Effekte" : { "Basiswerte" : { "Astralenergie" : 6 }, "Vorteile/Nachteile/Sonderfertigkeiten" : { "Bindung des Stabes" : {} } }, "Beschreibung:Kurz" : "+6 AsP, mag. SFs (nicht Repr./RK) -25%, RG I-III +50%, bei Generierung Wissen/Sprachen/Schriften bis TaW 10 -1 Spalte, Bindug des Stabes" },
	"Akademische Ausbildung (Krieger)" : { "Bücher" : { "Wege der Helden" : 247 }, "Kosten" : 20, "speziell" : true, "Beschreibung:Kurz" : "Kampf-SFs -25%, bei Generierung Kampftalente bis TaW 10 -2 Spalten, Kriegerbrief erlaubt Führen von Waffen u. Turnierteilnahme" },
	"Altersresistenz" : { "Bücher" : { "Wege der Helden" : 247 }, "Kosten" : 3, "Voraussetzungen" : { "Vorteile/Nachteile/Sonderfertigkeiten" : { "Nicht" : { "Schneller Alternd" : {} } } }, "Kosten:Voraussetzungen" : [{ "Vorteile/Nachteile/Sonderfertigkeiten" : { "Muss" : { "Eigeboren" : {} } }, "Multiplikativ" : 0 }], "Beschreibung:Kurz" : "Altert wesentlich langsamer oder leidet nicht an üblichen Altersgebrechen" },
	"Astrale Regeneration I" : { "Bücher" : { "Wege der Helden" : 247 }, "Kosten" : 4, "Voraussetzungen" : { "Vorteile/Nachteile/Sonderfertigkeiten" : { "Wahl" : [{ "Halbzauberer" : {}, "Vollzauberer" : {} }], "Nicht" : { "Astraler Block" : {} } } }, "Beschreibung:Kurz" : "AsP-Regeneration +1, IN-1 zur AsP-Regeneration, KL/IN-1 in RK-Probe bei Großer Meditation" },
	"Astrale Regeneration II" : { "Bücher" : { "Wege der Helden" : 247 }, "Kosten" : 8, "Voraussetzungen" : { "Vorteile/Nachteile/Sonderfertigkeiten" : { "Wahl" : [{ "Halbzauberer" : {}, "Vollzauberer" : {} }], "Nicht" : { "Astraler Block" : {} } } }, "Beschreibung:Kurz" : "AsP-Regeneration +2, IN-2 zur AsP-Regeneration, KL/IN-2 in RK-Probe bei Großer Meditation" },
	"Astrale Regeneration III" : { "Bücher" : { "Wege der Helden" : 247 }, "Kosten" : 12, "Voraussetzungen" : { "Vorteile/Nachteile/Sonderfertigkeiten" : { "Wahl" : [{ "Halbzauberer" : {}, "Vollzauberer" : {} }], "Nicht" : { "Astraler Block" : {} } } }, "Beschreibung:Kurz" : "AsP-Regeneration +3, IN-3 zur AsP-Regeneration, KL/IN-3 in RK-Probe bei Großer Meditation" },
	"Astralmacht" : { "Bücher" : { "Wege der Helden" : 247 }, "Abgestuft" : true, "Kosten" : 1, "Stufe:Maximum" : 6, "Voraussetzungen" : { "Vorteile/Nachteile/Sonderfertigkeiten" : { "Wahl" : [{ "Viertelzauberer" : {}, "Viertelzauberer (unentdeckt)" : {}, "Halbzauberer" : {}, "Vollzauberer" : {} }] } }, "Effekte" : { "Basiswerte" : { "Astralenergie" : 1 } }, "Beschreibung:Kurz" : "+1 AsP pro Stufe" },
	"Ausdauernd" : { "Bücher" : { "Wege der Helden" : 247 }, "Abgestuft" : true, "Kosten" : 1, "Stufe:Maximum" : 3, "Effekte" : { "Basiswerte" : { "Ausdauer" : 2 } }, "Beschreibung:Kurz" : "+2 AuP pro Stufe" },
	"Ausdauernder Zauberer" : { "Bücher" : { "Wege der Helden" : 247 }, "Kosten" : 3, "Kosten" : 3, "Voraussetzungen" : { "Vorteile/Nachteile/Sonderfertigkeiten" : { "Wahl" : [{ "Viertelzauberer" : {}, "Viertelzauberer (unentdeckt)" : {}, "Halbzauberer" : {}, "Vollzauberer" : {} }] } }, "Beschreibung:Kurz" : "Nur -1 AuP/10 AsP, 1 Erschöpfung erst bei 50% der Basis-AsP" },
	"Ausrüstungsvorteil" : { "Bücher" : { "Wege der Helden" : 248 }, "Abgestuft" : true, "Kosten" : 1, "Stufe:Maximum" : 21, "Beschreibung:Kurz" : "2xSO Dukaten zum Erwerb zusätzlicher oder besserer Ausrüstung" },
	"Balance" : { "Bücher" : { "Wege der Helden" : 248 }, "Kosten" : 10, "Effekte" : { "Vorteile/Nachteile/Sonderfertigkeiten" : { "Standfest" : {} } }, "Beschreibung:Kurz" : "Körperb./Tanzen/Athletik/Akrobatik-3, GE-2 für Balance/Stehenbleiben o. Drehung in Luft, Sturzschaden-20%, Patzer Sturz: GE Probe, dann Stolpern" },
	"Begabung für Merkmal" : { "Bücher" : { "Wege der Helden" : 248 }, "Auswahl" : "Merkmal", "Kosten" : 8, "Voraussetzungen" : { "Vorteile/Nachteile/Sonderfertigkeiten" : { "Wahl" : [{ "Halbzauberer" : {}, "Vollzauberer" : {} }] } }, "Kosten:Voraussetzungen" : [{ "Auswahl" : ["Antimagie", "Beschwörung", "Eigenschaften", "Einfluss", "Form", "Hellsicht", "Herrschaft", "Kraft", "Objekt", "Umwelt"], "Multiplikativ" : 1.5 }, { "Auswahl" : ["Dämonisch (gesamt)", "Elementar (gesamt)", "Limbus", "Metamagie", "Temporal"], "Multiplikativ" : 2 }], "Beschreibung:Kurz" : "-1 Spalte für Zauber mit entspr. Merkmal" },
	"Begabung für Ritual" : { "Bücher" : { "Wege der Helden" : 248 }, "Auswahl" : "Ritual", "Voraussetzungen" : { "Vorteile/Nachteile/Sonderfertigkeiten" : { "Wahl" : [{ "Viertelzauberer" : {}, "Viertelzauberer (unentdeckt)" : {}, "Halbzauberer" : {}, "Vollzauberer" : {} }] } }, "Beschreibung:Kurz" : "AP-Kosten -50%, Ritualprobe-3 für entspr. Ritual" },
	"Begabung für Talent" : { "Bücher" : { "Wege der Helden" : 248 }, "Auswahl" : "Talent", "Kosten" : 4, "Kosten:Voraussetzungen" : [{ "Auswahl" : ["Raufen", "Ringen", "Dolche", "Hiebwaffen", "Säbel", "Anderthalbhänder", "Fechtwaffen", "Infanteriewaffen", "Kettenstäbe", "Kettenwaffen", "Lanzenreiten", "Peitsche", "Schwerter", "Speere", "Stäbe", "Zweihandflegel", "Zweihand-Hiebwaffen", "Zweihandschwerter/-säbel", "Wurfmesser", "Armbrust", "Belagerungswaffen", "Blasrohr", "Bogen", "Diskus", "Schleuder", "Wurfbeile", "Wurfspeere", "Athletik", "Klettern", "Körperbeherrschung", "Schleichen", "Selbstbeherrschung", "Sinnenschärfe", "Akrobatik", "Fliegen", "Gaukeleien", "Reiten", "Skifahren", "Stimmen Imitieren", "Taschendiebstahl"], "Multiplikativ" : 1.5 }], "Beschreibung:Kurz" : "-1 Spalte für entspr. Talent, TaW+1 (o. Akt.), TaW-Maximum+2" },
	"Begabung für Talentgruppe" : { "Bücher" : { "Wege der Helden" : 248 }, "Auswahl" : "Talentgruppe", "Kosten" : 20, "Kosten:Voraussetzungen" : [{ "Auswahl" : ["Sprachen und Schriften"], "Multiplikativ" : 0.5 }, { "Auswahl" : ["Fernkampftalente"], "Multiplikativ" : 0.75 },  { "Auswahl" : ["Kampftalente", "Körperliche Talente"], "Multiplikativ" : 1.5 }], "Beschreibung:Kurz" : "-1 Spalte für entspr. Talente, TaW-Maximum+2" },
	"Begabung für Zauber" : { "Bücher" : { "Wege der Helden" : 248 }, "Auswahl" : "Zauber", "Kosten" : 2, "Voraussetzungen" : { "Vorteile/Nachteile/Sonderfertigkeiten" : { "Wahl" : [{ "Halbzauberer" : {}, "Vollzauberer" : {} }] } }, "Beschreibung:Kurz" : "-1 Spalte für entspr. Zauber, ZfW+1 wenn aus Kultur/Profession aktiviert, ZfW-Maximum+2" },
	"Beidhändig" : { "Bücher" : { "Wege der Helden" : 249 }, "Kosten" : 12, "Voraussetzungen" : { "Vorteile/Nachteile/Sonderfertigkeiten" : { "Nicht" : { "Linkshänder" : {} } } }, "Beschreibung:Kurz" : "Keine Abzüge 'falsche Hand', Gegner 5 KR PA+1 wenn Waffe links, best. SFs verbilligt" },
	"Beseelte Knochenkeule (Totengeist)" : { "Bücher" : { "Wege der Helden" : 249 }, "Abgestuft" : true, "Kosten" : 1, "speziell" : true, "Beschreibung:Kurz" : "Die Knochenkeule wird von einem Totengeist beseelt" },
	"Beseelte Knochenkeule (Elementargeist)" : { "Bücher" : { "Wege der Helden" : 249 }, "Abgestuft" : true, "Kosten" : 2, "speziell" : true, "Beschreibung:Kurz" : "Die Knochenkeule wird von einem Elementargeist beseelt" },
	"Beseelte Knochenkeule (Dschinn)" : { "Bücher" : { "Wege der Helden" : 249 }, "Abgestuft" : true, "Kosten" : 3, "speziell" : true, "Beschreibung:Kurz" : "Die Knochenkeule wird von einem Dschinn beseelt" },
	"Beseelte Knochenkeule (Dämon)" : { "Bücher" : { "Wege der Helden" : 249 }, "Abgestuft" : true, "Kosten" : 3, "speziell" : true, "Beschreibung:Kurz" : "Die Knochenkeule wird von einem Dämonen beseelt" },
	"Besonderer Besitz" : { "Bücher" : { "Wege der Helden" : 249 }, "Freitext" : "Besitz", "Abgestuft" : true, "Kosten" : 7, "Stufe:Maximum" : 5, "Kosten:Voraussetzungen" : [{ "Vorteile/Nachteile/Sonderfertigkeiten" : { "Wahl" : [{ "Adlige Abstammung" : {}, "Adliges Erbe" : {}, "Amtsadel" : {} }], "Nicht" : { "Breitgefächerte Bildung" : {}, "Veteran" : {} } }, "Multiplikativ" : 3, "Divisor" : 7 }, { "Vorteile/Nachteile/Sonderfertigkeiten" : { "Wahl" : [{ "Breitgefächerte Bildung" : {}, "Veteran" : {} }], "Nicht" : { "Adlige Abstammung" : {}, "Adliges Erbe" : {}, "Amtsadel" : {} } }, "Multiplikativ" : 5, "Divisor" : 7 }, { "Vorteile/Nachteile/Sonderfertigkeiten" : { "Wahl" : [{ "Breitgefächerte Bildung" : {}, "Veteran" : {} }, { "Adlige Abstammung" : {}, "Adliges Erbe" : {}, "Amtsadel" : {} }] }, "Multiplikativ" : 2, "Divisor" : 7 }], "Beschreibung:Kurz" : "Besitzt Gegenstand im Wert von bis zu 200 (600/3000/15000/75000) Dukaten" },
	"Breitgefächerte Bildung" : { "Bücher" : { "Wege der Helden" : 249 }, "Kosten" : 7, "Voraussetzungen" : { "Vorteile/Nachteile/Sonderfertigkeiten" : { "Nicht" : { "Veteran" : {} } } }, "Beschreibung:Kurz" : "50% der Eigenschaftsboni, zus. AP für Talente/SFs der Zweitprof., 8 Talente akt., Akad. Ausb. bis TaW 15, Bes. Besitz 5GP, Ausrüstungsv. SOx3D/Stufe" },
	"Dämmerungssicht" : { "Bücher" : { "Wege der Helden" : 249 }, "Kosten" : 10, "Voraussetzungen" : { "Vorteile/Nachteile/Sonderfertigkeiten" : { "Nicht" : { "Nachtblind" : {} } } }, "Beschreibung:Kurz" : "Abzüge durch Dunkelheit -50%" },
	"Eidetisches Gedächtnis" : { "Bücher" : { "Wege der Helden" : 250 }, "Kosten" : 35, "Voraussetzungen" : { "Vorteile/Nachteile/Sonderfertigkeiten" : { "Nicht" : { "Thesisgebunden" : {}, "Unstet" : {}, "Vergesslichkeit" : {} } } }, "Kosten:Voraussetzungen" : [{ "Vorteile/Nachteile/Sonderfertigkeiten" : { "Muss" : { "Gutes Gedächtnis" : {} } }, "Multiplikativ" : 28, "Divisor" : 35 }, { "Vorteile/Nachteile/Sonderfertigkeiten" : { "Muss" : { "Gutes Gedächtnis" : {} }, "Wahl" : [{ "Vollzauberer" : {}, "Halbzauberer" : {}, "Geweiht" : {} }] }, "Professionen" : { "Nicht" : { "Tänzer" : {}, "Zibilja" : {} } }, "Multiplikativ" : 23, "Divisor" : 28 }], "Beschreibung:Kurz" : "KL-7 zum Erinnern, Wissen/Sprachen/Zauber u. best. SFs -50%" },
	"Eigeboren" : { "Bücher" : { "Wege der Helden" : 250 }, "Kosten" : 20, "Voraussetzungen" : { "Professionen" : { "Muss" : { "Hexe" : {} } }, "Vorteile/Nachteile/Sonderfertigkeiten" : { "Muss" : { "Vollzauberer" : {} }, "Nicht" : { "Miserables Charisma" : {}, "Unansehnlich" : {}, "Widerwärtiges Aussehen" : {} } } }, "Effekte" : { "Vorteile/Nachteile/Sonderfertigkeiten" : { "Altersresistenz" : {}, "Gut Aussehend" : {}, "Machtvoller Vertrauter" : {} } }, "Beschreibung:Kurz" : "Ges. Talente -3 bei Hexen, Altersresistenz, Gut Aussehend, Machtvoller Vertrauter, -50% AP-Kosten für Flüche, CH -1 Spalte" },
	"Eisenaffine Aura" : { "Bücher" : { "Wege der Helden" : 250 }, "Kosten" : 7, "Voraussetzungen" : { "Vorteile/Nachteile/Sonderfertigkeiten" : { "Wahl" : [{ "Viertelzauberer" : {}, "Viertelzauberer (unentdeckt)" : {}, "Halbzauberer" : {}, "Vollzauberer" : {} }] } }, "Beschreibung:Kurz" : "Erschwernis nur BE, BE/2 Tage ohne AsP-Regeneration, Fesseln je -2, bei Fesselung: +1 Asp/Zauber, AsP-Regeneration -2" },
	"Eisern" : { "Bücher" : { "Wege der Helden" : 250 }, "Kosten" : 7, "Voraussetzungen" : { "Vorteile/Nachteile/Sonderfertigkeiten" : { "Nicht" : { "Glasknochen" : {} } } }, "Effekte" : { "Basiswerte" : { "Wundschwelle" : 2 } }, "Beschreibung:Kurz" : "Alle Wundschwellen je 2 Punkte erhöht, bei 1-5 LeP noch handlungsfähig" },
	"Empathie" : { "Bücher" : { "Wege der Helden" : 250 }, "Kosten" : 30, "Effekte" : { "Talente" : { "Empathie" : 3 } }, "Beschreibung:Kurz" : "TaW/2 Schritt, 1 Akt., 1 Ersch.: Ges. Talente -TaP* für TaP* SR; 3 Akt., W6 Ersch.: -2xTaP*; bis +7 für Rasse/Kultur, bemerkt (IN+10): +MU/2" },
	"Entfernungssinn" : { "Bücher" : { "Wege der Helden" : 250 }, "Kosten" : 10, "Beschreibung:Kurz" : "IN-3 zum Schätzen von Entfernungen, Fernkampf-2, Zaubern auf Horizont -2" },
	"Ererbte Knochenkeule" : { "Bücher" : { "Wege der Helden" : 250 }, "Abgestuft" : true, "Kosten" : 2, "speziell" : true, "Voraussetzungen" : { "Vorteile/Nachteile/Sonderfertigkeiten" : { "Muss" : { "Halbzauberer" : {} } } }, "Beschreibung:Kurz" : "Hat Knochenkeule geerbt, die bereits mit Ritualen belegt ist" },
	"Feenfreund" : { "Bücher" : { "Wege der Helden" : 250 }, "Kosten" : 7, "Beschreibung:Kurz" : "Kann an Orten, an denen es Feen gibt, Hilfe von diesen erhalten" },
	"Feste Matrix" : { "Bücher" : { "Wege der Helden" : 251 }, "Kosten" : 5, "Voraussetzungen" : { "Professionen" : { "Nicht" : { "Schelm" : {} } }, "Vorteile/Nachteile/Sonderfertigkeiten" : { "Wahl" : [{ "Halbzauberer" : {}, "Vollzauberer" : {} }], "Nicht" : { "Rückschlag" : {}, "Spruchhemmung" : {}, "Wilde Magie" : {} } } }, "Beschreibung:Kurz" : "Zauberpatzer nur bei 2x20 und 18/19/20" },
	"Flink" : { "Bücher" : { "Wege der Helden" : 251 }, "Kosten" : 10, "Voraussetzungen" : { "Vorteile/Nachteile/Sonderfertigkeiten" : { "Nicht" : { "Behäbig" : {} } } }, "Effekte" : { "Basiswerte" : { "Geschwindigkeit" : 1 } }, "Beschreibung:Kurz" : "BE<5: GS+1, Ausweichen-1, 0.2 GS/TaP* Athletik" },
	"Gebildet" : { "Bücher" : { "Wege der Helden" : 251 }, "Abgestuft" : true, "Kosten" : 1, "Stufe:Maximum" : 5, "Voraussetzungen" : { "Vorteile/Nachteile/Sonderfertigkeiten" : { "Nicht" : { "Ungebildet" : {} } } }, "Beschreibung:Kurz" : "40 Start-AP/Stufe für Wissen/Sprachen/Schriften/Handwerk (bis 50% für Zauber/mag. SFs)" },
	"Gefahreninstinkt" : { "Bücher" : { "Wege der Helden" : 251 }, "Kosten" : 12, "Effekte" : { "Talente" : { "Gefahreninstinkt" : 3 } }, "Beschreibung:Kurz" : "Kann Gefahren/Hinterhalt erkennen (TaP* für Art der Gefahr), IN-1/2 TaW bei Überraschung" },
	"Geräuschhexerei" : { "Bücher" : { "Wege der Helden" : 251 }, "Kosten" : 3, "Effekte" : { "Talente" : { "Geräuschhexerei" : 3 } }, "Beschreibung:Kurz" : "Kann Geräusche bis TaW Schritt vom einen Körper entstehen lassen: 1 Erschöpfung/SR" },
	"Geweiht" : { "Bücher" : { "Wege der Helden" : 251 }, "Auswahl" : "Gottheit", "Kosten" : 18, "speziell" : true, "Kosten:Voraussetzungen" : [{ "Auswahl" : ["H'Szinth", "Zsahh", "Angrosch", "Gravesh"], "Multiplikativ" : 16, "Divisor" : 18 }, { "Auswahl" : ["Aves", "Ifirn", "Nandus", "Swafnir"], "Multiplikativ" : 10, "Divisor" : 18 }], "Effekte" : { "Basiswerte" : { "Magieresistenz" : 1, "Karmaenergie" : 12 }, "Vorteile/Nachteile/Sonderfertigkeiten" : { "Liturgiekenntnis" : [{ "Auswahl" : "Auswahl" }] } }, "Beschreibung:Kurz" : "Erhält KaP, kann Mirakel/Liturgien wirken, MR+1, SO+1, Liturgiekenntnis 3, Karmalqueste" },
	"Glück" : { "Bücher" : { "Wege der Helden" : 251 }, "Kosten" : 12, "Beschreibung:Kurz" : "Kann bis 2x/Tag (W3-1) Wurf wiederholen o. offenen Wurf wiederholen lassen und besseres Ergebnis wählen" },
	"Glück im Spiel" : { "Bücher" : { "Wege der Helden" : 251 }, "Kosten" : 3, "Beschreibung:Kurz" : "IN-7 für bessere Gewinnchancen, Vorteile bei ausgespieltem Glücksspiel, evtl. Boni auf Brett-/Kartenspiel" },
	"Gut Aussehend" : { "Bücher" : { "Wege der Helden" : 252 }, "Kosten" : 5, "Voraussetzungen" : { "Vorteile/Nachteile/Sonderfertigkeiten" : { "Nicht" : { "Unansehnlich" : {}, "Widerwärtiges Aussehen" : {} } } }, "Kosten:Voraussetzungen" : [{ "Vorteile/Nachteile/Sonderfertigkeiten" : { "Muss" : { "Eigeboren" : {} } }, "Multiplikativ" : 0 }], "Beschreibung:Kurz" : "Ges. Talente -1, evtl. andere Talente mit CH o. Zauber (Bannbaladin/Satuarias Herrlichkeit/Seidenzunge) -1" },
	"Guter Ruf" : { "Bücher" : { "Wege der Helden" : 252 }, "Abgestuft" : true, "Freitext" : "Region", "Kosten" : 1, "Stufe:Maximum" : 10, "Beschreibung:Kurz" : "Ges. Talente -1/2 Stufen, 1/3 als Ersatz für fehlenden SO in entspr. Region" },
	"Gutes Gedächtnis" : { "Bücher" : { "Wege der Helden" : 252 }, "Kosten" : 7, "Voraussetzungen" : { "Vorteile/Nachteile/Sonderfertigkeiten" : { "Nicht" : { "Thesisgebunden" : {}, "Unstet" : {}, "Vergesslichkeit" : {} } } }, "Kosten:Voraussetzungen" : [{ "Vorteile/Nachteile/Sonderfertigkeiten" : { "Wahl" : [{ "Vollzauberer" : {}, "Halbzauberer" : {}, "Geweiht" : {} }] }, "Professionen" : { "Nicht" : { "Tänzer" : {}, "Zibilja" : {} } }, "Multiplikativ" : 12, "Divisor" : 7 }], "Beschreibung:Kurz" : "Zus. KL-Proben zum Erinnern, Sprachen/Zauber u. best. SFs -25%" },
	"Halbzauberer" : { "Bücher" : { "Wege der Helden" : 252 }, "Kosten" : 10, "speziell" : true, "Voraussetzungen" : { "Vorteile/Nachteile/Sonderfertigkeiten" : { "Nicht" : { "Vollzauberer" : {}, "Viertelzauberer" : {}, "Viertelzauberer (unentdeckt)" : {} } } }, "Effekte" : { "Basiswerte" : { "Astralenergie" : 6, "Magieresistenz" : 1 } }, "Beschreibung:Kurz" : "+6 AsP, +1 MR, kann Zauber o. Rituale wirken, Repräsentation o. Ritualkenntnis" },
	"Herausragende Balance" : { "Bücher" : { "Wege der Helden" : 252 }, "Kosten" : 20, "Kosten:Voraussetzungen" : [{ "Vorteile/Nachteile/Sonderfertigkeiten" : { "Muss" : { "Balance" : {} } }, "Multiplikativ" : 0.5 }], "Effekte" : { "Vorteile/Nachteile/Sonderfertigkeiten" : { "Standfest" : {} } }, "Beschreibung:Kurz" : "Körperb./Tanzen/Athletik/Akrobatik-7, GE-5 für Balance/Stehenbleiben o. Drehung in Luft, Sturzschaden-25%, Patzer Sturz: GE Probe, dann Stolpern" },
	"Herausragender Mut" : { "Bücher" : { "Wege der Helden" : 252 }, "Kosten" : 8, "Abgestuft" : true, "Beschreibung:Kurz" : "Generierung: MU über Maximum setzen, Grenze für Eigenschafts-GP überschreiten" },
	"Herausragende Klugheit" : { "Bücher" : { "Wege der Helden" : 252 }, "Kosten" : 8, "Abgestuft" : true, "Beschreibung:Kurz" : "Generierung: KL über Maximum setzen, Grenze für Eigenschafts-GP überschreiten" },
	"Herausragende Intuition" : { "Bücher" : { "Wege der Helden" : 252 }, "Kosten" : 8, "Abgestuft" : true, "Beschreibung:Kurz" : "Generierung: IN über Maximum setzen, Grenze für Eigenschafts-GP überschreiten" },
	"Herausragendes Charisma" : { "Bücher" : { "Wege der Helden" : 252 }, "Kosten" : 8, "Abgestuft" : true, "Beschreibung:Kurz" : "Generierung: CH über Maximum setzen, Grenze für Eigenschafts-GP überschreiten" },
	"Herausragende Fingerfertigkeit" : { "Bücher" : { "Wege der Helden" : 252 }, "Kosten" : 8, "Abgestuft" : true, "Beschreibung:Kurz" : "Generierung: FF über Maximum setzen, Grenze für Eigenschafts-GP überschreiten" },
	"Herausragende Gewandtheit" : { "Bücher" : { "Wege der Helden" : 252 }, "Kosten" : 8, "Abgestuft" : true, "Beschreibung:Kurz" : "Generierung: GE über Maximum setzen, Grenze für Eigenschafts-GP überschreiten" },
	"Herausragende Konstitution" : { "Bücher" : { "Wege der Helden" : 252 }, "Kosten" : 8, "Abgestuft" : true, "Beschreibung:Kurz" : "Generierung: KO über Maximum setzen, Grenze für Eigenschafts-GP überschreiten" },
	"Herausragende Körperkraft" : { "Bücher" : { "Wege der Helden" : 252 }, "Kosten" : 8, "Abgestuft" : true, "Voraussetzungen" : { "Vorteile/Nachteile/Sonderfertigkeiten" : { "Nicht" : { "Schlangenmensch" : {} } } }, "Beschreibung:Kurz" : "Generierung: KK über Maximum setzen, Grenze für Eigenschafts-GP überschreiten" },
	"Herausragender Sechster Sinn" : { "Bücher" : { "Wege der Helden" : 252 }, "Kosten" : 3, "Kosten:Voraussetzungen" : [{ "Vorteile/Nachteile/Sonderfertigkeiten" : { "Wahl" : [{ "Vollzauberer" : {}, "Halbzauberer" : {}, "Viertelzauberer" : {}, "Viertelzauberer (unentdeckt)" : {}, "Geweiht" : {} }] } , "Multiplikativ" : 7, "Divisor" : 3 }], "Beschreibung:Kurz" : "Magiegespür/Odem/Analys/Oculus/Sicht auf Madas Welt/Blick der Weberin -3" },
	"Herausragendes Gehör" : { "Bücher" : { "Wege der Helden" : 253 }, "Kosten" : 5, "Beschreibung:Kurz" : "Sinnenschärfe (Hören)-5, evtl. zus. Proben erlaubt" },
	"Herausragende Sicht" : { "Bücher" : { "Wege der Helden" : 253 }, "Kosten" : 5, "Beschreibung:Kurz" : "Sinnenschärfe (Sehen)-5, evtl. zus. Proben erlaubt" },
	"Herausragender Tastsinn" : { "Bücher" : { "Wege der Helden" : 253 }, "Kosten" : 5, "Beschreibung:Kurz" : "Sinnenschärfe (Tasten)-5, evtl. zus. Proben erlaubt, evtl. Talente mit FF bis -3" },
	"Herausragender Geruchssinn" : { "Bücher" : { "Wege der Helden" : 253 }, "Kosten" : 5, "Beschreibung:Kurz" : "Sinnens. (Riechen/Schmecken)-5, Probleme mit fremden Geschmäcken, evtl. zus. Proben erlaubt, ab TaW 5 evtl. Kochen bis -3" },
	"Herausragendes Aussehen" : { "Bücher" : { "Wege der Helden" : 253 }, "Kosten" : 12, "Voraussetzungen" : { "Vorteile/Nachteile/Sonderfertigkeiten" : { "Nicht" : { "Unansehnlich" : {}, "Widerwärtiges Aussehen" : {} } } }, "Kosten:Voraussetzungen" : [{ "Vorteile/Nachteile/Sonderfertigkeiten" : { "Wahl" : [{ "Eigeboren" : {}, "Gut Aussehend" : {} }] }, "Multiplikativ" : 7, "Divisor" : 12 }], "Beschreibung:Kurz" : "Ges. Talente -3, evtl. andere Talente mit CH -3, evtl. Zauber (Bannbaladin/Satuarias Herrlichkeit/Seidenzunge) -2" },
	"Hitzeresistenz" : { "Bücher" : { "Wege der Helden" : 253 }, "Kosten" : 5, "Beschreibung:Kurz" : "Bis +50ºC kein Schaden und erhöhter Ausdauerverlust außer bei unangemessenem Verhalten, nicht gegen Zauber oder Feuer" },
	"Hohe Lebenskraft" : { "Bücher" : { "Wege der Helden" : 253 }, "Abgestuft" : true, "Kosten" : 2, "Stufe:Maximum" : 6, "Effekte" : { "Basiswerte" : { "Lebensenergie" : 1 } }, "Beschreibung:Kurz" : "+1 LeP pro Stufe" },
	"Hohe Magieresistenz" : { "Bücher" : { "Wege der Helden" : 253 }, "Abgestuft" : true, "Kosten" : 2, "Stufe:Maximum" : 3, "Effekte" : { "Basiswerte" : { "Magieresistenz" : 1 } }, "Beschreibung:Kurz" : "+1 MR pro Stufe" },
	"Immunität gegen Gift" : { "Bücher" : { "Wege der Helden" : 253 }, "Freitext" : "einzelnes Gift", "Kosten" : 5, "Beschreibung:Kurz" : "KO-15 für Resistenzproben gegen entspr. Gift" },
	"Immunität gegen tierische Gifte" : { "Bücher" : { "Wege der Helden" : 253 }, "Kosten" : 10, "Kosten:Voraussetzungen" : [{ "Vorteile/Nachteile/Sonderfertigkeiten" : { "Muss" : { "Resistenz gegen tierische Gifte" : {} } }, "Multiplikativ" : 0.3 }], "Beschreibung:Kurz" : "KO-15 für Resistenzproben gegen tierische Gifte" },
	"Immunität gegen mineralische Gifte" : { "Bücher" : { "Wege der Helden" : 253 }, "Kosten" : 10, "Kosten:Voraussetzungen" : [{ "Vorteile/Nachteile/Sonderfertigkeiten" : { "Muss" : { "Resistenz gegen mineralische Gifte" : {} } }, "Multiplikativ" : 0.3 }], "Beschreibung:Kurz" : "KO-15 für Resistenzproben gegen mineralische Gifte" },
	"Immunität gegen pflanzliche Gifte" : { "Bücher" : { "Wege der Helden" : 253 }, "Kosten" : 10, "Kosten:Voraussetzungen" : [{ "Vorteile/Nachteile/Sonderfertigkeiten" : { "Muss" : { "Resistenz gegen pflanzliche Gifte" : {} } }, "Multiplikativ" : 0.3 }], "Beschreibung:Kurz" : "KO-15 für Resistenzproben gegen pflanzliche Gifte" },
	"Immunität gegen alchimistische Gifte" : { "Bücher" : { "Wege der Helden" : 253 }, "Kosten" : 10, "Kosten:Voraussetzungen" : [{ "Vorteile/Nachteile/Sonderfertigkeiten" : { "Muss" : { "Resistenz gegen alchimistische Gifte" : {} } }, "Multiplikativ" : 0.3 }], "Beschreibung:Kurz" : "KO-15 für Resistenzproben gegen alchimistische Gifte" },
	"Immunität gegen Atemgifte" : { "Bücher" : { "Wege der Helden" : 253 }, "Kosten" : 10, "Kosten:Voraussetzungen" : [{ "Vorteile/Nachteile/Sonderfertigkeiten" : { "Muss" : { "Resistenz gegen Atemgifte" : {} } }, "Multiplikativ" : 0.3 }], "Beschreibung:Kurz" : "KO-15 für Resistenzproben gegen Atemgifte" },
	"Immunität gegen Einnahmegifte" : { "Bücher" : { "Wege der Helden" : 253 }, "Kosten" : 10, "Kosten:Voraussetzungen" : [{ "Vorteile/Nachteile/Sonderfertigkeiten" : { "Muss" : { "Resistenz gegen Einnahmegifte" : {} } }, "Multiplikativ" : 0.3 }], "Beschreibung:Kurz" : "KO-15 für Resistenzproben gegen Einnahmegifte" },
	"Immunität gegen Kontaktgifte" : { "Bücher" : { "Wege der Helden" : 253 }, "Kosten" : 10, "Kosten:Voraussetzungen" : [{ "Vorteile/Nachteile/Sonderfertigkeiten" : { "Muss" : { "Resistenz gegen Kontaktgifte" : {} } }, "Multiplikativ" : 0.3 }], "Beschreibung:Kurz" : "KO-15 für Resistenzproben gegen Kontaktgifte" },
	"Immunität gegen Blut-/Waffengifte" : { "Bücher" : { "Wege der Helden" : 253 }, "Kosten" : 10, "Kosten:Voraussetzungen" : [{ "Vorteile/Nachteile/Sonderfertigkeiten" : { "Muss" : { "Resistenz gegen Blut-/Waffengifte" : {} } }, "Multiplikativ" : 0.3 }], "Beschreibung:Kurz" : "KO-15 für Resistenzproben gegen Blut-/Waffengifte" },
	"Allgemeine Immunität gegen Gifte" : { "Bücher" : { "Wege der Helden" : 253 }, "Kosten" : 35, "Beschreibung:Kurz" : "KO-15 für Resistenzproben gegen Gifte" },
	"Immunität gegen Krankheit" : { "Bücher" : { "Wege der Helden" : 253 }, "Freitext" : "einzelne Krankheit", "Kosten" : 3, "Beschreibung:Kurz" : "KO-15 für Immunitätsproben und bei Heilung von entspr. Krankheit" },
	"Immunität gegen Krankheiten" : { "Bücher" : { "Wege der Helden" : 253 }, "Kosten" : 10, "Beschreibung:Kurz" : "KO-15 für Immunitätsproben und bei Heilung von Krankheiten" },
	"Innerer Kompass" : { "Bücher" : { "Wege der Helden" : 254 }, "Kosten" : 7, "Kosten:Voraussetzungen" : [{ "Vorteile/Nachteile/Sonderfertigkeiten" : { "Muss" : { "Richtungssinn" : {} } }, "Multiplikativ" : 4, "Divisor" : 7 }], "Beschreibung:Kurz" : "Weiß immer, wo Norden ist, Orientierung/Wildnisleben/Gassenwissen zum Orientieren-7 (auf See/in Wüste bis -14)" },
	"Kälteresistenz" : { "Bücher" : { "Wege der Helden" : 254 }, "Kosten" : 5, "Beschreibung:Kurz" : "Bis -20ºC (Luft) bzw. 0ºC (Wasser) kein Schaden, darunter reduzierter Schaden, nicht gegen Zauber" },
	"Kampfrausch" : { "Bücher" : { "Wege der Helden" : 254 }, "Kosten" : 15, "Voraussetzungen" : { "Vorteile/Nachteile/Sonderfertigkeiten" : { "Nicht" : { "Blutrausch" : {} } } }, "Beschreibung:Kurz" : "Selbstb.+10, -W3 LeP, 1 Ersch.: Keine Mali durch Wunden, etc., nur Wuchtschlagmanöver (-2), PA zu AT-2, AT/TP+1, PA/FK-1, Meister notiert SP" },
	"Koboldfreund" : { "Bücher" : { "Wege der Helden" : 254 }, "Kosten" : 10, "Beschreibung:Kurz" : "Genießt Sympathie bei Kobolden, kann evtl. Kobolde rufen" },
	"Kräfteschub" : { "Bücher" : { "Wege der Helden" : 254 }, "Auswahl" : "Körperliche Eigenschaft", "Kosten" : 10, "Effekte" : { "Talente" : { "Kräfteschub" : { "Auswahl" : 3 } } }, "Beschreibung:Kurz" : "4 Akt., W3 Ersch. o. 1 Akt., W3+2 Ersch.: Eigenschaftsprobe-TaP*/2 für 1 Probe, max. 1SR, Missl.: Probe+1" },
	"Talentschub" : { "Bücher" : { "Wege der Helden" : 254 }, "Auswahl" : "Talent", "Kosten" : 5, "Voraussetzungen" : { "Vorteile/Nachteile/Sonderfertigkeiten" : { "Nicht" : { "Meisterhandwerk" : { "Auswahl" : { "Muss" : "Auswahl" } } } } }, "Effekte" : { "Talente" : { "Talentschub" : { "Auswahl" : 3 } } }, "Beschreibung:Kurz" : "4 Akt., W3 Ersch.: Talentprobe-TaP* für 1 Probe, Missl.: Probe+3" },
	"Linkshänder" : { "Bücher" : { "Wege der Helden" : 254 }, "Kosten" : 5, "Voraussetzungen" : { "Vorteile/Nachteile/Sonderfertigkeiten" : { "Nicht" : { "Beidhändig" : {} } } }, "Beschreibung:Kurz" : "Gegner 5 KR PA+1, Linkhand/BHK I/BHK II -25%, best. Waffen (z.B. Kusliker Säbel) ungeeignet" },
	"Machtvoller Vertrauter" : { "Bücher" : { "Wege der Helden" : 254 }, "Kosten" : 5, "Voraussetzungen" : { "Professionen" : { "Wahl" : { "Hexe" : {}, "Geode" : {}, "Zibilja" : {}, "Goblin-Schamanin" : {} } } }, "Kosten:Voraussetzungen" : [{ "Vorteile/Nachteile/Sonderfertigkeiten" : { "Muss" : { "Eigeboren" : {} } }, "Multiplikativ" : 0 }], "Beschreibung:Kurz" : "Kann mächtigeres Vertrautentier binden, mehr Punkte für Eigenschaften und eine Eigenschaft bis 3 über Max." },
	"Magiegespür" : { "Bücher" : { "Wege der Helden" : 254 }, "Kosten" : 12, "Effekte" : { "Talente" : { "Magiegespür" : 3 } }, "Beschreibung:Kurz" : "10 Akt., Ersch.: Spürt Magie, Erschwernis -7 bis +10, willentlich ab TaW 7, Odem/Oculus-TaW/5" },
	"Meisterhandwerk" : { "Bücher" : { "Wege der Helden" : 255 }, "Auswahl" : "Talent", "Kosten" : 1, "Voraussetzungen" : { "Vorteile/Nachteile/Sonderfertigkeiten" : { "Wahl" : [{ "Viertelzauberer" : {}, "Viertelzauberer (unentdeckt)" : {}, "Halbzauberer" : {}, "Vollzauberer" : {} }] } }, "Kosten:Voraussetzungen" : [{ "Vorteile/Nachteile/Sonderfertigkeiten" : { "Muss" : { "Halbzauberer" : {} } }, "Multiplikativ" : 3 }, { "Vorteile/Nachteile/Sonderfertigkeiten" : { "Muss" : { "Vollzauberer" : {} } }, "Multiplikativ" : 5 }], "Beschreibung:Kurz" : "Voraus: TaW+2/AsP (max. bis 2xTaW), nachträglich: TaP*+1/AsP (auch bei missl. Probe)" },
	"Nachtsicht" : { "Bücher" : { "Wege der Helden" : 255 }, "Kosten" : 20, "speziell" : true, "Voraussetzungen" : { "Vorteile/Nachteile/Sonderfertigkeiten" : { "Nicht" : { "Nachtblind" : {} } } }, "Kosten:Voraussetzungen" : [{ "Vorteile/Nachteile/Sonderfertigkeiten" : { "Muss" : { "Dämmerungssicht" : {} } }, "Multiplikativ" : 0.5 }], "Beschreibung:Kurz" : "Abzüge durch Dunkelheit -50%, maximal AT/PA-2 (FK-5) außer bei völliger Dunkelheit" },
	"Natürliche Waffe (Biss)" : { "Bücher" : { "Wege der Helden" : 255 }, "Abgestuft" : true, "Kosten" : 1, "speziell" : true, "Beschreibung:Kurz" : "Kann Gebiss mit Raufen einsetzen (echte TP) (Achaz-Gebiss: TP(A))" },
	"Natürliche Waffe (Krallen)" : { "Bücher" : { "Wege der Helden" : 255 }, "Abgestuft" : true, "Kosten" : 1, "speziell" : true, "Beschreibung:Kurz" : "Kann Krallen mit Raufen einsetzen (echte TP)" },
	"Natürliche Waffe (Schwanz)" : { "Bücher" : { "Wege der Helden" : 255 }, "Abgestuft" : true, "Kosten" : 1, "speziell" : true, "Beschreibung:Kurz" : "Kann Schwanz mit Raufen einsetzen (TP(A))" },
	"Natürlicher Rüstungsschutz" : { "Bücher" : { "Wege der Helden" : 255 }, "Abgestuft" : true, "Kosten" : 10, "Stufe:Maximum" : 3, "speziell" : true, "Beschreibung:Kurz" : "+1 RS pro Stufe" },
	"Niedrige Schlechte Eigenschaft" : { "Bücher" : { "Wege der Helden" : 255 }, "Auswahl" : "Schlechte Eigenschaft", "Abgestuft" : true, "Beschreibung:Kurz" : "Entspr. automatisch vergebene Schlechte Eigenschaft ist reduziert" },
	"Prophezeien" : { "Bücher" : { "Wege der Helden" : 255 }, "Kosten" : 12, "Effekte" : { "Talente" : { "Prophezeien" : 3 } }, "Beschreibung:Kurz" : "2 Ersch. o. W3+1 AsP, 6 SR: Gespür für zukünftige Entwicklung, evtl. ungefragt bes. Hinweise" },
	"Resistenz gegen Gift" : { "Bücher" : { "Wege der Helden" : 255 }, "Freitext" : "einzelnes Gift", "Kosten" : 3, "Beschreibung:Kurz" : "KO-7 für Resistenzproben gegen entspr. Gift" },
	"Resistenz gegen tierische Gifte" : { "Bücher" : { "Wege der Helden" : 255 }, "Kosten" : 7, "Beschreibung:Kurz" : "KO-7 für Resistenzproben gegen tierische Gifte" },
	"Resistenz gegen mineralische Gifte" : { "Bücher" : { "Wege der Helden" : 255 }, "Kosten" : 7, "Beschreibung:Kurz" : "KO-7 für Resistenzproben gegen mineralische Gifte" },
	"Resistenz gegen pflanzliche Gifte" : { "Bücher" : { "Wege der Helden" : 255 }, "Kosten" : 7, "Beschreibung:Kurz" : "KO-7 für Resistenzproben gegen pflanzliche Gifte" },
	"Resistenz gegen alchimistische Gifte" : { "Bücher" : { "Wege der Helden" : 255 }, "Kosten" : 7, "Beschreibung:Kurz" : "KO-7 für Resistenzproben gegen alchimistische Gifte" },
	"Resistenz gegen Atemgifte" : { "Bücher" : { "Wege der Helden" : 255 }, "Kosten" : 7, "Beschreibung:Kurz" : "KO-7 für Resistenzproben gegen Atemgifte" },
	"Resistenz gegen Einnahmegifte" : { "Bücher" : { "Wege der Helden" : 255 }, "Kosten" : 7, "Beschreibung:Kurz" : "KO-7 für Resistenzproben gegen Einnahmegifte" },
	"Resistenz gegen Kontaktgifte" : { "Bücher" : { "Wege der Helden" : 255 }, "Kosten" : 7, "Beschreibung:Kurz" : "KO-7 für Resistenzproben gegen Kontaktgifte" },
	"Resistenz gegen Blut-/Waffengifte" : { "Bücher" : { "Wege der Helden" : 255 }, "Kosten" : 7, "Beschreibung:Kurz" : "KO-7 für Resistenzproben gegen Blut-/Waffengifte" },
	"Allgemeine Resistenz gegen Gifte" : { "Bücher" : { "Wege der Helden" : 255 }, "Kosten" : 25, "Beschreibung:Kurz" : "KO-7 für Resistenzproben gegen Gifte" },
	"Resistenz gegen Krankheiten" : { "Bücher" : { "Wege der Helden" : 256 }, "Kosten" : 7, "Beschreibung:Kurz" : "KO-7 für Immunitätsproben und bei Heilung von Krankheiten" },
	"Richtungssinn" : { "Bücher" : { "Wege der Helden" : 256 }, "Kosten" : 3, "Beschreibung:Kurz" : "In heimatlichem Gelände (nicht Stadt) Orientierung/Wildnisleben zum Orientieren-5" },
	"Schlangenmensch" : { "Bücher" : { "Wege der Helden" : 256 }, "Kosten" : 25, "Voraussetzungen" : { "Vorteile/Nachteile/Sonderfertigkeiten" : { "Nicht" : { "Herausragende Körperkraft" : {} } } }, "Effekte" : { "Talente" : { "Ringen" : 1, "Akrobatik" : 1, "Gaukeleien" : 1, "Körperbeherrschung" : 1, "Schleichen" : 1, "Sich Verstecken" : 1, "Tanzen" : 1, "Fesseln/Entfesseln" : 1 } }, "Beschreibung:Kurz" : "Best. Talente TaW+1, -1 Spalte, Entfesseln: Ringen-PA/Entfesseln-1, Ringen-PA-3 gg. waffenlos, Ausweichen/Schnellz./Unauer Schule -50%, KK Max.-2" },
	"Schnelle Heilung I" : { "Bücher" : { "Wege der Helden" : 256 }, "Kosten" : 5, "Beschreibung:Kurz" : "LeP-Regeneration +1, KO-1 zur LeP-Regeneration" },
	"Schnelle Heilung II" : { "Bücher" : { "Wege der Helden" : 256 }, "Kosten" : 10, "Beschreibung:Kurz" : "LeP-Regeneration +2, KO-2 zur LeP-Regeneration" },
	"Schnelle Heilung III" : { "Bücher" : { "Wege der Helden" : 256 }, "Kosten" : 15, "Beschreibung:Kurz" : "LeP-Regeneration +3, KO-3 zur LeP-Regeneration" },
	"Schutzgeist" : { "Bücher" : { "Wege der Helden" : 256 }, "Kosten" : 3, "Voraussetzungen" : { "Vorteile/Nachteile/Sonderfertigkeiten" : { "Wahl" : [{ "Viertelzauberer" : {}, "Viertelzauberer (unentdeckt)" : {}, "Halbzauberer" : {} }] } }, "Beschreibung:Kurz" : "Meisterentscheid: Verbrauch aller AsP: Patzer abwenden, missl. Probe wiederholen, W20 in Probe -AsP" },
	"Schwer zu verzaubern" : { "Bücher" : { "Wege der Helden" : 256 }, "Kosten" : 7, "Voraussetzungen" : { "Vorteile/Nachteile/Sonderfertigkeiten" : { "Nicht" : { "Viertelzauberer" : {}, "Viertelzauberer (unentdeckt)" : {}, "Halbzauberer" : {}, "Vollzauberer" : {} } } }, "Beschreibung:Kurz" : "Herrschaft/Einfluss/Hellsicht/Eigenschaften/Form/Heilung gg. Held +3, nicht bei Flächeneffekt" },
	"Soziale Anpassungsfähigkeit" : { "Bücher" : { "Wege der Helden" : 256 }, "Kosten" : 7, "Beschreibung:Kurz" : "Kulturkunde -50%, Verbindungen SO/5 GP und ±7 SO, Mali aus fremder Kultur/SO vortäuschen red., aus SO-Differenz /2" },
	"Tierempathie (einzelne Tierart)" : { "Bücher" : { "Wege der Helden" : 256 }, "Freitext" : "einzelne Tierart", "Kosten" : 15, "Effekte" : { "Talente" : { "Tierempathie" : 3 } }, "Beschreibung:Kurz" : "1 Schritt, 5 Akt., 1 Ersch.: TaP* für Ges. Talente für TaP* SR; W3+1 Ersch.: 2xTaP*; Fremdartigkeit bis +7, Wille/KL des Tiers -2 bis +5" },
	"Tierempathie" : { "Bücher" : { "Wege der Helden" : 256 }, "Kosten" : 30, "Effekte" : { "Talente" : { "Tierempathie" : 3 } }, "Beschreibung:Kurz" : "1 Schritt, 5 Akt., 1 Ersch.: TaP* für Ges. Talente für TaP* SR; W3+1 Ersch.: 2xTaP*; Fremdartigkeit bis +7, Wille/KL des Tiers -2 bis +5" },
	"Tierfreund" : { "Bücher" : { "Wege der Helden" : 256 }, "Kosten" : 7, "Beschreibung:Kurz" : "Talente/Zauber mit Tieren (Abrichten/Reiten/Sanftmut/Herr über das Tierreich) -3, Artverwandte -5" },
	"Tierfreund (einzelne Tierart)" : { "Bücher" : { "Wege der Helden" : 256 }, "Freitext" : "einzelne Tierart", "Kosten" : 5, "speziell" : true, "Beschreibung:Kurz" : "Talente/Zauber mit entspr. Tieren (Abrichten/Reiten/Sanftmut/Herr über das Tierreich) -3, Artverwandte -5" },
	"Übernatürliche Begabung" : { "Bücher" : { "Wege der Helden" : 257 }, "Auswahl" : "Zauber", "Kosten" : 1, "Voraussetzungen" : { "Vorteile/Nachteile/Sonderfertigkeiten" : { "Wahl" : [{ "Viertelzauberer" : {}, "Viertelzauberer (unentdeckt)" : {} }] } }, "Effekte" : { "Talente" : { "Auswahl" : 3 } }, "Beschreibung:Kurz" : "Zauber auf ZfW 3, Steigern nach F, nur Erzwingen/Reichweite/Varianten mögl." },
	"Unbeschwertes Zaubern" : { "Bücher" : { "Wege der Helden" : 257 }, "Kosten" : 7, "Voraussetzungen" : { "Professionen" : { "Muss" : { "Schelm" : {} } } }, "Beschreibung:Kurz" : "Ignoriert MR < 8 (höhere MR wird voll angerechnet)" },
	"Verbindungen" : { "Bücher" : { "Wege der Helden" : 257 }, "Abgestuft" : true, "Freitext" : "Person", "Kosten" : 0.33, "Stufe:Maximum" : 15, "Kosten:Voraussetzungen" : [{ "Vorteile/Nachteile/Sonderfertigkeiten" : { "Muss" : { "Soziale Anpassungsfähigkeit" : {} } }, "Multiplikativ" : 0.2, "Divisor" : 0.33 }], "Beschreibung:Kurz" : "Guter Bekannter, der in schwierigen Situationen helfen kann" },
	"Verhüllte Aura" : { "Bücher" : { "Wege der Helden" : 257 }, "Kosten" : 3, "Voraussetzungen" : { "Vorteile/Nachteile/Sonderfertigkeiten" : { "Wahl" : [{ "Viertelzauberer" : {}, "Viertelzauberer (unentdeckt)" : {}, "Halbzauberer" : {}, "Vollzauberer" : {} }] } }, "Beschreibung:Kurz" : "Odem/Magiegespür/Liturgien+5 zum gezielten Erkennen, durch Artefakte/Tiere +7, ungezielt keine Erkennung, Schleier-3, Aura verhüllen-1" },
	"Veteran" : { "Bücher" : { "Wege der Helden" : 257 }, "Kosten" : 3, "Voraussetzungen" : { "Vorteile/Nachteile/Sonderfertigkeiten" : { "Nicht" : { "Breitgefächerte Bildung" : {} } } }, "Beschreibung:Kurz" : "50% der Eigenschaftsboni, zus. AP für Talente/SFs der Prof., 8 Talente akt., Akad. Ausb. bis TaW 15, Bes. Besitz 5GP, Ausrüstungsv. SOx3D/Stufe" },
	"Viertelzauberer" : { "Bücher" : { "Wege der Helden" : 257 }, "Kosten" : 5, "Effekte" : { "Basiswerte" : { "Astralenergie" : -6 } }, "Beschreibung:Kurz" : "-6 AsP, erlaubt Übernatürliche Begabung/Meisterhandwerk/Schutzgeist/best. SFs" },
	"Viertelzauberer (unentdeckt)" : { "Bücher" : { "Wege der Helden" : 257 }, "Kosten" : 3, "Effekte" : { "Basiswerte" : { "Astralenergie" : -6 }, "Beschreibung:Kurz" : "-6 AsP, erlaubt Übernatürliche Begabung/Meisterhandwerk/Schutzgeist/best. SFs, Begabung unbekannt bis Entdeckung" } },
	"Vollzauberer" : { "Bücher" : { "Wege der Helden" : 258 }, "Kosten" : 20, "speziell" : true, "Effekte" : { "Basiswerte" : { "Astralenergie" : 12, "Magieresistenz" : 2 } }, "Beschreibung:Kurz" : "+12 AsP, +2 MR, kann Zauber o. Rituale wirken, Repräsentation o. Ritualkenntnis, Große Meditation" },
	"Vom Schicksal begünstigt" : { "Bücher" : { "Wege der Helden" : 258 }, "Kosten" : 10, "Beschreibung:Kurz" : "1x pro Abenteuer nicht selbstverschuldete lebensgefährliche Situation abwenden" },
	"Wesen der Nacht I" : { "Bücher" : { "Wege der Helden" : 258 }, "Kosten" : 2, "Voraussetzungen" : { "Vorteile/Nachteile/Sonderfertigkeiten" : { "Wahl" : [{ "Viertelzauberer" : {}, "Viertelzauberer (unentdeckt)" : {}, "Halbzauberer" : {}, "Vollzauberer" : {} }] } }, "Beschreibung:Kurz" : "Zauber/Rituale-1 bei Nacht (o. anderer gewählter Umgebungseinfuss)" },
	"Wesen der Nacht II" : { "Bücher" : { "Wege der Helden" : 258 }, "Kosten" : 4, "Voraussetzungen" : { "Vorteile/Nachteile/Sonderfertigkeiten" : { "Wahl" : [{ "Viertelzauberer" : {}, "Viertelzauberer (unentdeckt)" : {}, "Halbzauberer" : {}, "Vollzauberer" : {} }] } }, "Beschreibung:Kurz" : "Zauber/Rituale-2 bei Nacht (o. anderer gewählter Umgebungseinfuss)" },
	"Wesen der Nacht III" : { "Bücher" : { "Wege der Helden" : 258 }, "Kosten" : 6, "Voraussetzungen" : { "Vorteile/Nachteile/Sonderfertigkeiten" : { "Wahl" : [{ "Viertelzauberer" : {}, "Viertelzauberer (unentdeckt)" : {}, "Halbzauberer" : {}, "Vollzauberer" : {} }] } }, "Beschreibung:Kurz" : "Zauber/Rituale-3 bei Nacht (o. anderer gewählter Umgebungseinfuss)" },
	"Wohlklang" : { "Bücher" : { "Wege der Helden" : 258 }, "Kosten" : 10, "Voraussetzungen" : { "Vorteile/Nachteile/Sonderfertigkeiten" : { "Nicht" : { "Unangenehme Stimme" : {} } } }, "Beschreibung:Kurz" : "Singen-5 (nicht bei Elfenliedern), Ges. Talente -2" },
	"Wolfskind" : { "Bücher" : { "Wege der Helden" : 258 }, "Kosten" : 5, "speziell" : true, "Voraussetzungen" : { "Vorteile/Nachteile/Sonderfertigkeiten" : { "Wahl" : [{ "Viertelzauberer" : {}, "Viertelzauberer (unentdeckt)" : {}, "Halbzauberer" : {}, "Vollzauberer" : {} }] } }, "Beschreibung:Kurz" : "Wolfssprache KL/IN/GE auf Tierkunde für 1 Ersch./SR, Bei Gefahr, etc. Verwandlung in Rauwolf bis übernächste Dämmerung (W6 AsP)" },
	"Wolfskind, freiwillige Verwandlung" : { "Bücher" : { "Wege der Helden" : 258 }, "Kosten" : 15, "speziell" : true, "Voraussetzungen" : { "Vorteile/Nachteile/Sonderfertigkeiten" : { "Wahl" : [{ "Viertelzauberer" : {}, "Viertelzauberer (unentdeckt)" : {}, "Halbzauberer" : {}, "Vollzauberer" : {} }] } }, "Beschreibung:Kurz" : "Wolfssprache KL/IN/GE auf Tierkunde für 1 Ersch./SR, W6 AsP: Verwandlung in Rauwolf bis übernächste Dämmerung" },
	"Zäher Hund" : { "Bücher" : { "Wege der Helden" : 259 }, "Kosten" : 10, "Beschreibung:Kurz" : "LeP<1: überlebt W6xKOx1,5, überlebt bis LeP<-KOx1,5, bei 1-5 LeP noch handlungsfähig" },
	"Zauberhaar" : { "Bücher" : { "Wege der Helden" : 259 }, "Kosten" : 10, "Voraussetzungen" : { "Vorteile/Nachteile/Sonderfertigkeiten" : { "Wahl" : [{ "Viertelzauberer" : {}, "Viertelzauberer (unentdeckt)" : {}, "Halbzauberer" : {}, "Vollzauberer" : {} }], "Nicht" : { "Körpergebundene Kraft" : {} } } }, "Effekte" : { "Basiswerte" : { "Astralenergie" : 7 } }, "Beschreibung:Kurz" : "+7 AsP wenn Haar (+Bart) >50cm (Talente/Zauber bis +3), nicht für pAsP, Pectetondo+7, bei Herrschaftsritualen -7" },
	"Zeitgefühl" : { "Bücher" : { "Wege der Helden" : 259 }, "Kosten" : 3, "Beschreibung:Kurz" : "Kann Tageszeit auch unter widrigsten Bedingungen auf 15 Min. einschätzen, evtl. Boni auf Sternkunde" },
	"Zusätzliche Gliedmaße (Schwanz)" : { "Bücher" : { "Wege der Helden" : 259 }, "speziell" : true, "Beschreibung:Kurz" : "Hat einen bemuskelten Schwanz" },
	"Zweistimmiger Gesang" : { "Bücher" : { "Wege der Helden" : 259 }, "Kosten" : 7, "Voraussetzungen" : { "Rassen" : { "Wahl" : { "Auelfen" : {}, "Waldelfen" : {}, "Firnelfen" : {}, "Halbelfen" : {} } } }, "Beschreibung:Kurz" : "Kann Elfenlieder erlernen" },
	"Zwergennase" : { "Bücher" : { "Wege der Helden" : 259 }, "Kosten" : 12, "Effekte" : { "Talente" : { "Zwergennase" : 3 } }, "Beschreibung:Kurz" : "Geheimgänge/Hohlräume/etc. finden, ab TaW 7 willentlich 10 Akt., 1 Ersch. o. 1 AsP" }
}