{
	"releaseDate" : "2024-12-25_19-25",
	"previousReleaseDate" : "2024-09-22_17-30",
	"previousReleaseLink" : "https://raw.githubusercontent.com/DSATool/DSA41BasisPlugin/master/release/DSA41Basis_2024-09-22_17-30.zip",
	"updateInfo" : "https://raw.githubusercontent.com/DSATool/DSA41BasisPlugin/master/release/update-info.json",
	"signatureProviderName" : "SunEC",
	"signatureKeyAlgorithm" : "EC",
	"signatureAlgorithm" : "SHA512withECDSA",
	"signatureKey" : "MFkwEwYHKoZIzj0CAQYIKoZIzj0DAQcDQgAEQWXA3GbfhHNK6DZQMHF6nPGV6cCsxvPpf+LyBsvvi8kcEtdi/lB4KiYHAEsAmimV+IhUl91TAYjdUUc9YyA+Yg=="
}