{
	"releaseDate" : "2024-09-22_17-30",
	"previousReleaseDate" : "2020-11-29_13-00",
	"previousReleaseLink" : "https://raw.githubusercontent.com/DSATool/NamesPlugin/master/release/Names_2020-11-29_13-00.zip",
	"updateInfo" : "https://raw.githubusercontent.com/DSATool/NamesPlugin/master/release/update-info.json",
	"signatureProviderName" : "SunEC",
	"signatureKeyAlgorithm" : "EC",
	"signatureAlgorithm" : "SHA512withECDSA",
	"signatureKey" : "MFkwEwYHKoZIzj0CAQYIKoZIzj0DAQcDQgAEL3vHM1uKqXbwzTr9T2w4s+dlEUALjhWham9Ng7/61vlXV2/Nmv3kS0ODRikQ///R8Y2uTlMLah4zIs+vsZapXA=="
}